Player,Ability,SE
Adam Feeney,0,0
Karol Beck,-1.3669661219728415,1.4832845228665086
Jimmy Wang,-1.3516320173431178,1.4147650470603228
Adam Lee,-13.793666764827668,11410.617489860038
David Marrero,-33.35973527588939,3814.8915277393608
Adam Pavlasek,5.21894732635175,1.5290392500619574
Mirza Basic,2.5923364930755888,1.3880144130460197
Marcel Granollers,1.9464216490852297,1.363716213201949
Lorenzo Giustino,2.713325002288116,1.4363014978563422
Evan King,2.4187413258167303,1.5486628956640929
Henri Laaksonen,3.1154187304270864,1.3887821370362388
Marton Fucsovics,3.404725563766878,1.3736920218844484
Gonzalo Lama,1.6099498979643212,2.001758944803997
Hugo Dellien,3.6021542364407537,1.4836677845079833
Maximo Gonzalez,-1.6177174729423973,1.5566063827560725
Darian King,5.0616690912422335,1.4997594223479653
Roberto Carballes Baena,4.098335218306405,1.3887867436757446
Andre Ghem,-0.35707072043740573,1.5260102176182033
Dennis Novak,5.321189752320143,1.4819942623445421
Hans Podlipnik-Castillo,-0.4927050403677478,1.7949283045460773
Petru-Alexandru Luncanu,-32.42612832068631,5246.598532971914
Adrian Bodmer,22.489050775136942,10754.013031019476
Arthur De Greef,2.9229822640015155,1.459912015585128
Adrian Mannarino,2.481408947361631,1.3610352798263199
Juan Monaco,2.269094139558635,1.3679388751997887
Stan Wawrinka,3.578583772726543,1.3603397342819554
Toshihide Matsui,-17.368203229138246,5274.9792324868295
Rajeev Ram,0.19203571517453502,1.3918352467022108
Arnaud Clement,-18.758115722984243,2027.9455952211044
Dominik Meffert,-1.576304632995538,1.6636374812347998
Edouard Roger-Vasselin,1.1277588185596925,1.3771574555593156
Paolo Lorenzi,1.2657187284911307,1.3704828352490757
Brian Dabul,-0.037237506167966644,1.7600935968771
Tommy Haas,1.4888074577642993,1.3794337388898936
Daniel Munoz-De La Nava,-0.4740104524357085,1.4712931097451347
Rogerio Dutra Da Silva,0.4094978343427172,1.3991268351605575
Conor Niland,-2.215595212326565,1.9648718174679083
Denis Istomin,1.7202037554671599,1.3628198706071468
Pablo Cuevas,2.289092839020908,1.3659280925317174
Alejandro Gonzalez,0.08364777449664064,1.4243142220915064
Jo-Wilfried Tsonga,3.3437961947894506,1.3602005952057046
Dustin Brown,1.4488862265131357,1.3737635159633628
Marcos Baghdatis,2.3927264287249397,1.362810353608005
Fabio Fognini,2.916341832132848,1.3585165694777959
Somdev Devvarman,1.073995546993199,1.3980031675227642
Lukas Rosol,1.8517324725487092,1.3651954032548366
Thomas Fabbiano,0.7782464892745994,1.3925459448944024
James Blake,-0.14940539620000573,1.4775783485924017
Juan Ignacio Chela,-1.112683731897969,1.5622390326069342
Victor Estrella,1.0097669380441525,1.3920481491669756
Konstantin Kravchuk,0.3442657548768955,1.4378645776968044
Pere Riba,0.7016504471546486,1.4091109187412338
Ivan Sergeyev,-16.982057316939766,3744.6994146775096
Illya Marchenko,0.9571079325941365,1.3871615441086238
Nikolay Davydenko,1.0639902834712889,1.3827905166586332
Malek Jaziri,1.98072049551382,1.371158704022303
Yuriy Schukin,-18.67360249010762,2233.6739170345736
Robin Haase,2.28977114101324,1.361572673154322
Dmitry Tursunov,0.28810269018141427,1.400537945287103
Marin Cilic,3.3900581566886503,1.35921142438446
Daniel Brands,1.5172813568975998,1.3775998855332017
Juan Martin Del Potro,3.83960236826721,1.3633547749061155
Julien Benneteau,1.805799320681613,1.3683178085874
Eduardo Schwank,1.6821099508911996,1.4943505076149914
Ivo Karlovic,1.9718699203960877,1.3618648712763421
Denis Gremelmayr,-3.4763680249145645,1.9545257697766216
Donald Young,1.9906591969553555,1.363647482650968
Fernando Verdasco,2.406061955891782,1.3597878052287018
David Ferrer,3.318743944201063,1.3594284983226592
Erik Chvojka,0.05980641189427975,1.556349268529037
Peter Polansky,1.0165386457300243,1.4092740605576042
Ernests Gulbis,2.362780713308786,1.3621239677561154
Vincent Millot,1.6573221796392865,1.392412426725832
Yuichi Sugita,1.5803862257570989,1.384413929724832
Michael Berrer,0.16293032181965778,1.3916042937741584
Alexandr Dolgopolov,2.7938208452949844,1.3611632430604654
Kevin Anderson,3.140581386208831,1.3596322403276675
Leonardo Mayer,2.4859403420312267,1.3646740017323398
Riccardo Ghedin,1.694271314389572,1.725653580632199
Yen-Hsun Lu,0.8429578481152274,1.3789764604146135
Marco Chiudinelli,-1.48595903861453,1.498609681454271
Kenny de Schepper,2.0377386833944104,1.376258859141799
Andreas Seppi,2.0476664262820075,1.3596493168711183
Mischa Zverev,1.1847763589535099,1.370515803055603
Frank Dancevic,-0.08331287947345664,1.4423491527782142
Artem Sitak,-18.040134170479682,1772.658738042467
Jan Hajek,-0.5087014461078071,1.5572784530587647
Carlos Berlocq,1.2624655867449928,1.3717847053156451
Guillermo Garcia-Lopez,1.761524065140925,1.3610933264306908
Adrian Menendez-Maceiras,0.04160328631774787,1.41819042467002
Dudi Sela,1.3152464821272842,1.3753094162060435
Jan Mertl,-2.4914792144388493,1.7224038928203824
Andrea Arnaboldi,-1.7895164768910985,1.607323171281821
Lamine Ouahab,-0.2721038218382442,1.6287766524758407
Jan Hernych,-2.6604509989860086,1.5450746380489833
Danai Udomchoke,-19.543239385074905,2050.8297448667763
Alexander Waske,-15.993380646127612,1296.3075751352687
Ivan Navarro,-3.3155860037265863,1.7711631838352957
Adrian Sikora,1.7837788479826484,1.9047156636284932
Matthias Bachinger,1.3152512100997455,1.3762631991986225
Adrian Ungur,-0.0780237263553485,1.4629802633508793
Jaroslav Pospisil,-2.615367033654524,2.134857485271957
Diego Junqueira,-2.5514052280147035,2.0720020648739053
Ivo Minar,-0.6855988564699628,1.6546490823057793
Theodoros Angelinos,-18.218576050325645,3239.5363012814423
Guillaume Couillard,-19.644092237571275,10754.013031686056
Flavio Cipolla,0.5042071444572928,1.4030735288666218
David Nalbandian,0.009443871920322061,1.4945114218969455
Frantisek Cermak,-33.563275471177676,2602.153136654077
Mikhail Elgin,-31.400156292315827,1802.458255881777
Adrien Bossel,0.6575064524358317,1.409296249770819
Sander Groen,-18.908562060799294,10754.013035101847
Mikhail Ledovskikh,-2.5683501809404654,1.9756721343869788
Paul-Henri Mathieu,0.14070327501568272,1.3790540099600626
Frederik Nielsen,-1.2999465085197441,1.6329326474201573
Agustin Velotti,3.300831039746698,1.5412954211878052
Eduardo Struvay,0.5216998671542018,1.9026115655691669
Bradley Klahn,2.5599218324545445,1.401626556959769
Guido Pella,2.595041387907177,1.372324271870746
Ahmed Deedat Abdul Razak,19.566068511076338,10754.012931602821
Zach Itzstein,NA,NA
Akira Santillan,6.367273176307983,1.670895376957019
Uladzimir Ignatik,1.4217441612642987,1.4876154288784358
Sadio Doumbia,3.4671394098199793,3.5455088285857017
Go Soeda,-0.24975723790309623,1.4268877692225128
Pedja Krstin,6.532825005103245,1.6037819855660023
Bradley Mousley,4.859846918664762,1.7237287511374724
Elias Ymer,5.446367341079756,1.4470813767171185
Michael Mmoh,4.995550724153596,1.4945834038026493
Benjamin Becker,1.1473303466486655,1.3713583364006299
Tobias Kamke,0.7704048690131563,1.3766746127224274
Daniel Evans,3.147439189290177,1.3996424136823102
Alban Meuffels,20.243257093287525,10754.013064660663
Yann Marti,0.6771885822059303,1.6915204478899108
Albano Olivetti,3.3760294014811008,1.4890043036240483
Alexander Lazov,0.5656602114648079,2.206218723824586
Dusan Lajovic,2.653729070446768,1.3641596516749894
Philipp Marx,-34.56634107805711,11045.779223851727
Antoine Benneteau,-18.43641768514744,5543.572000447586
Mardy Fish,2.6496163989812542,1.4023490009572974
Josselin Ouanna,0.42576970525608465,1.4889248501892656
Romain Jouan,2.201876858269744,1.5485076579751695
Edward Corrie,0.6700942264388409,1.719746885688282
Albert Montanes,0.15496496808898183,1.390828797960563
Jarkko Nieminen,0.7094669385612365,1.3747828860153377
Nicolas Massu,-34.98781316286817,3110.769172563119
Mikhail Youzhny,1.5174251009709312,1.3638606436771483
Albert Ramos-Vinolas,2.348865769254684,1.359472341091991
Stephane Robert,0.5026381055640873,1.397461435264991
Igor Andreev,0.9085852733266947,1.4146427963220127
Alejandro Falla,1.0225926764109277,1.3788730203920725
Pablo Andujar,1.52874489511636,1.3655567513889866
Roger Federer,4.484060262109132,1.362028331238432
Bastian Knittel,0.1573970670900511,1.5751421023700354
Gianluca Naso,-0.4368677529285592,1.528513836594678
Simone Bolelli,1.902311939343346,1.3771464660899615
Ricardo Hocevar,-0.6262048970023915,1.778612303225016
David Guez,-0.3664122936972679,1.4697412226705644
Nicolas Almagro,2.6131659963008436,1.362689286018489
Sam Querrey,2.6346600781550777,1.360493191261294
Evgeny Korolev,-0.10973141232959831,1.4904626172268447
Radek Stepanek,1.4563171844153586,1.377870167178655
Pablo Martin-Adalia,-17.217202749800087,10754.013060590942
Feliciano Lopez,2.394420676539859,1.3599649346578204
Bjorn Phau,-1.9173076943636602,1.5680619137901324
Ivan Dodig,2.0701296467505528,1.3691004912652434
Nicolas Mahut,1.3735787208107446,1.366713108474762
John Isner,3.2720965481332485,1.3592074358599893
Steve Darcis,1.5494219018691768,1.3866080931745544
Gael Monfils,3.253966745390933,1.3615923813003679
Santiago Giraldo,1.974770198931303,1.3653333090069852
Robby Ginepri,-0.7659584881264718,1.468465015612307
Filippo Volandri,-0.24413672706381068,1.4069037527074153
Marinko Matosevic,1.8416633677018839,1.3740003060141732
Sergei Bubka,1.2727713241129117,1.4747693196817646
Julian Knowle,-17.217202743813996,10754.013027887058
Ruben Ramirez-Hidalgo,-19.85819661382265,1385.641387614816
Horacio Zeballos,1.7675617285177179,1.3773671863148855
Richard Gasquet,3.026049015572794,1.3594868218530014
Gilles Muller,2.21821141826635,1.3656376735116027
Lleyton Hewitt,0.3340777166549217,1.4085362733046083
Peter Luczak,-2.99692425632185,1.7284383357321635
Lukasz Kubot,0.25861590695378905,1.3872894715066377
Rik de Voest,-1.7776371576166812,1.6411384303106389
Daniel Gimeno-Traver,0.1647689515683252,1.3820089183611886
Tommy Robredo,1.9193510874954005,1.3689013053461345
Teimuraz Gabashvili,0.1171279842055102,1.3869468946674977
Aldin Setkic,0.5600446057648638,1.4516050555299773
Ilija Bozoljac,-0.994051178582765,1.5734533255135144
Roko Karanusic,-18.401783034851576,7191.770470341551
Alejandro Davidovich Fokina,23.80785128859432,2274.8167474220295
Bernard Tomic,2.913003736567751,1.3621632944903557
Norbert Gombos,3.5734829696838477,1.4036722958459442
Bjorn Fratangelo,3.9778014158689676,1.3979950891520339
Joao Domingues,3.6200232120927387,1.511379586809746
Gianluca Mager,3.6695992303276275,1.7045968605132003
Gregoire Barrere,4.1405150644645605,1.476085416794561
Evgeny Karlovskiy,4.145764892557999,2.0221025540484074
Johannes Haerteis,4.24178277710533,10991.978229978558
Jay Clarke,7.015297017884539,1.8854999209534598
Jeremy Chardy,2.6407524635337514,1.359969359289394
Rui Machado,-1.2220020283919184,1.71205647753602
Sergiy Stakhovsky,1.5900194961622491,1.3636349194885022
Rogier Wassen,-77.46834936573396,5476.1211563965
Oliver Marach,-28.914149015151775,3710.659455816418
Zack Fleishman,-21.771328758544914,4996.7267048994145
Philipp Kohlschreiber,2.5450985828168045,1.3600063432101628
Victor Hanescu,-0.20375374557278786,1.406315423503013
Florent Serra,-2.6413484811465247,1.5939407089020836
Janko Tipsarevic,1.7943962064244177,1.3723030300448735
Giovanni Lapentti,-17.865304399805723,2608.201850433096
Alessio di Mauro,-17.027109050549463,2883.666568871319
Xavier Malisse,-0.5266844129862271,1.450320734666123
Potito Starace,-0.20064027977405408,1.4369034110560799
Florian Mayer,1.4604948165761733,1.3680374812260616
Andreas Beck,-2.870802947418289,2.058527174602575
Alejandro Gomez,21.21105336918063,6866.974834445216
Andres Molteni,0.5670056433319177,1.8165584540643689
Farrukh Dustov,-1.0853515104650033,1.5503014059623825
Michael Russell,-0.34929047913048444,1.4084437652921953
Alejandro Tabilo,39.69120493139113,4857.550105787128
Daniel Elahi Galan,6.583348072147861,1.7988214146010806
Bernabe Zapata Miralles,22.161900832062543,2917.08659960392
Matteo Viola,1.8093243150594065,1.4182971088223826
Aleksandar Vukic,23.129402453979484,3820.055240383059
Jacob Grills,5.487115613325221,5.901147524843547
Richard Berankis,2.567067365910326,1.3675859765177993
Aleksandr Nedovesov,0.6319764769002736,1.5042284777471733
Leonardo Kirche,-0.08446322395924238,2.063991821116713
Alessandro Bega,20.587169598452746,4206.089882300281
Ivan Nedelko,-15.45120094964972,2992.4932097646874
Prajnesh Gunneswaran,2.8985923231294697,1.458720657771675
Alessandro Giannessi,2.1628747253039555,1.4058930197888626
Frederico Gil,1.1845537545689162,1.4103344666960747
Tiago Lopes,-17.403193786587536,10754.01302808678
Olivier Patience,-20.089808799215415,3606.504893836278
Evgeny Kirillov,1.2401900593575947,1.8916713809020242
Michal Przysiezny,-1.4243733026528278,1.4567211944021723
Joao Souza,1.3660680203351054,1.4055677732391028
Luis Diaz-Barriga,-16.67734539129848,6936.823973392576
Mikhail Kukushkin,2.53964732634869,1.36475470144595
Jose Pereira,-17.266406894267327,5730.046943168331
Jurgen Zopp,2.3157744265609996,1.3874384354512546
Jose Acasuso,-34.719543860629855,5106.378249494345
Alex Bolt,4.358233070763641,1.4365308704385427
James Mcgee,2.2050062970980893,1.420548539896637
Marcelo Arevalo,0.8937227712867348,1.6898893188213695
Miliaan Niesten,3.1356706835900505,2.1389655080015775
Denis Kudla,3.0075658429817307,1.3692556770262123
Alexander Ward,2.7112199797743286,1.710644747786915
Jan-Lennard Struff,3.2826057757014064,1.3643502906289422
Riccardo Bellotti,3.5532803687853622,1.5957232593479327
Jack Sock,3.8382220256838187,1.3661116320332591
Benjamin Mitchell,3.9575244765499358,1.9070778769624397
Gilles Simon,2.8588141154028452,1.3584814893728492
Boy Westerhof,0.1642376337550668,1.9643443233178488
Vasek Pospisil,2.5000612042114048,1.3653139683229463
Marius Copil,2.5593897988487506,1.3696697534641988
Dmytro Kamynin,-15.20783544120229,10754.013032733848
Alex De Minaur,6.624872952493465,1.4582894741699892
Gastao Elias,2.4420627628476894,1.3887872702063722
Andy Murray,4.251563866917416,1.3610742750169558
Steve Johnson,3.4078516394419953,1.364659713032594
Milos Raonic,3.7725455330086612,1.3589732542888382
Benoit Paire,2.9892298198834015,1.3593797928031008
Damir Dzumhur,3.4051650798739117,1.370734048033097
Gerald Melzer,2.883178577006605,1.4183527229164237
Pierre-Hugues Herbert,3.542551927451982,1.368228320667408
Mackenzie Mcdonald,3.9405155377762844,1.426078716697831
Roberto Bautista Agut,2.9762482139366666,1.3612146517243566
Marco Cecchinato,3.9460274697710207,1.3780964752585099
Taro Daniel,4.23361885061352,1.3938312516887998
Jordan Thompson,4.247089870606061,1.4007657237382216
Laslo Djere,4.42155100466414,1.4173523730355408
Christian Garin,4.766664899977723,1.4098472873205188
Borna Coric,3.9184645177579176,1.3665610132216368
Hyeon Chung,4.1230229348908685,1.3812620384434984
Nicolas Jarry,4.327362121507639,1.400104705996428
Reilly Opelka,5.967586267490132,1.4334427184735843
Andrey Rublev,4.515114330251286,1.3742210449532544
Taylor Harry Fritz,4.2632562637980875,1.3765111470898228
Frances Tiafoe,4.183199881945048,1.3755933898799186
Alexei Popyrin,8.424516538777468,1.712346586999315
Jurgen Melzer,0.7823313196068219,1.3798235057048425
Pedro Sousa,1.1382176357680345,1.5243389491394466
Kei Nishikori,3.801560948307018,1.3594289358258216
John Millman,3.0044857770062623,1.3769631041661063
Ruben Bemelmans,2.6799949211907106,1.3834484975573675
Alex Jr. Bogomolov,0.5061746730335571,1.3932036449487006
Igor Kunitsyn,-2.329033886288699,1.5689621914255292
Joseph Sirianni,-19.059893839429343,10754.013029803855
Alex Kuznetsov,0.8236868936877564,1.4143008166420739
Simone Vagnozzi,-0.987766060389657,1.597225637697
Michael Yani,0.24833704725642639,1.455274204739529
Arnau Brugues-Davi,-1.2367938734255908,1.7549516858327734
Michael Shabaz,-0.4586769830167283,1.9767203752121365
Ricardo Mello,-3.4362224056286252,1.9193945682915134
Alex Rybakov,20.890345481270348,10754.013038713547
Mohamed Safwat,1.3242769701606456,1.5165100146184451
Alexandar Lazarov,21.366753754995866,7498.649341399488
Luca Vanni,2.1376713408204107,1.4234750926109097
Lukas Lacko,1.3790903878833078,1.372024931125677
Alexander Bublik,5.036617326219843,1.4284108809219462
Hiroki Moriya,2.650292266182336,1.4055440096181957
Grigor Dimitrov,3.340693915212917,1.3578708695511348
Tennys Sandgren,3.2600203461025643,1.4078082056479835
Andrey Kuznetsov,3.8461216284621718,1.3836031007536556
Egor Gerasimov,4.040483365040942,1.4197933371590525
Lucas Pouille,3.7621396020888493,1.3670087161329356
Vladimir Polyakov,2.3719807627398977,3.3262672982683426
Blake Mott,4.3545186974515,1.968141108063037
Kimmer Coppejans,4.625789788310333,1.4780067525822613
Kevin King,4.817935618395396,1.6299777176829595
Viktor Troicki,2.6343480270421717,1.3626961822745007
Andrej Martin,1.146878899693725,1.4364198235603385
Alexander Bury,1.8054185015204485,2.0596719103371313
Stefan Seifert,-17.95172305986577,6192.352032709075
Alexander Igoshin,19.566068511062358,10754.012931532141
Dmitri Marfinsky,NA,NA
Alexander Kudryavtsev,-0.5948776274703882,1.5006266231749112
Rainer Schuettler,-20.47054487924519,2022.1529227517365
Chris Guccione,-0.830043370742593,1.54628440762825
Alexander Lobkov,2.485111906140064,1.8124218549640774
Radu Albot,2.746337887343553,1.3722089971815645
David Estruch,-16.121579615089203,5377.177970347708
Alexander Ritschard,7.700884866236872e-9,15208.470980093529
Joss Espasandin,-19.566068503364747,18626.496817283343
Valentino Pest,-19.566068503410047,18626.49681742331
Patrick Eichenberger,-19.56606850339782,18626.496817387
Alexander Rumyantsev,19.47966485057022,6694.038835044049
Valery Rudnev,0.8617195802042146,1.8222605304749295
Alexander Sadecky,-17.885308196455256,5008.264637243811
Thierry Roggi,-36.90442231591166,8898.106327497857
Alexander Sarkissian,3.571059815391469,1.5305611664085257
Sekou Bangoura,2.844072371192585,1.5719162171466614
Facundo Arguello,3.2831654063275635,1.444501170653914
Alexander Slabinsky,-13.913643575588157,2703.94348993773
Denis Matsukevitch,-30.718576258680578,3823.9368417872065
Alexander Vasilenko,24.884940272935225,5860.895495910432
Pavel Krainik,-14.542486614275903,5860.89546472295
Andreas Vinciguerra,-17.208185950581264,6174.340031057721
Alexander Zverev,4.42876614029534,1.3620474759717514
Marcelo Demoliner,2.0083815675235455,1.7981846255490261
Aljaz Bedene,2.7441426507069577,1.3658372824316196
David Goffin,3.5292560027457047,1.3599423482785307
Evgeny Donskoy,2.448918049319217,1.3732549852899838
Maxime Teixeira,3.3831214491477652,1.5085078698618986
James Duckworth,2.516071143658337,1.3983085780591904
Marsel Ilhan,2.662187860783083,1.3966750186412222
Facundo Bagnis,2.8838616993561716,1.3991618799799652
Federico Delbonis,2.8974759533550474,1.3654596577613285
Bastian Trinker,1.9175692148894214,1.6239779929384177
Ryan Harrison,2.8912891074997678,1.3655313103287492
Filip Krajinovic,3.628390165338375,1.3837155472210374
Pablo Carreno-Busta,3.2071731790379268,1.3612817260725092
Nikoloz Basilashvili,3.405133060923902,1.3700621702376283
Yannick Hanfmann,4.322878630799415,1.4429230611226178
Yasutaka Uchiyama,3.2604640798178113,1.4631154046204122
Diego Sebastian Schwartzman,3.9767465082616673,1.3676394463745236
Mate Pavic,3.8096286522121283,1.4980800651776547
Dominic Thiem,4.251856498042629,1.3602527904938215
Tristan Lamasine,4.29222950567394,1.5714916810908344
Juan Ignacio Londero,4.294150671469612,1.429496250652603
Kyle Edmund,3.865557248135105,1.3702554613039217
Nick Kyrgios,4.342565416665755,1.368253035317245
Daniil Medvedev,4.530297532968732,1.3692419917599863
Novak Djokovic,5.210074104372502,1.3619717408995196
Julian Reister,1.6887812008298915,1.4480981539151447
Thomaz Bellucci,2.2732585385850976,1.3660906087820028
Thiemo de Bakker,2.4378654136334332,1.4040112155791844
Tomas Berdych,3.364426594924989,1.3595627032807633
Peter Torebko,-15.870805943608705,4299.164221614481
Nils Langer,0.7054738755422484,1.6968110025859302
Samuel Groth,2.110446558422235,1.398239063119632
Peter Gojowczyk,3.1068767340063417,1.3704534530562267
Miloslav Mecir,2.3662695309555035,1.6657463288977692
Juan Carlos Ferrero,-16.906946181225443,2110.594811805417
Greg Jones,0.2796964251972406,1.4647161700124844
Andreas Haider-Maurer,1.3225415054591814,1.3980116209664393
Robin Soderling,2.457077796488156,1.528333600396096
Rafael Nadal,4.580745326659253,1.3613320265474531
Tim Smyczek,1.8897675111969112,1.370806828844229
Paul Capdeville,-1.6866803722441417,1.5220465036266397
Alexandre Massa,22.942097919951465,10754.01307500871
Alexandre Muller,7.30308223830409,2.139930241197124
Alexandre Penaud,-16.511025075896423,12330.858991481855
Alexandre Sidorenko,2.066069508613053e-4,1.5474184354877671
Kresimir Ritz,-19.565861913504875,10754.013093373002
Boris Pashanski,-1.4698317330272161,1.9475677641852103
Michael Ryderstedt,-0.7229528126275278,1.614181605982624
Santiago Gonzalez,-3.7585363943664225,1.9404575955315668
Alexandre Tsuchiya,5.782070458640187,12823.932247979528
Enrico Becuzzi,-13.78399805246057,6986.01776155592
Jozef Kovalik,3.356270512764121,1.4040359296380085
Maverick Banes,1.5733728411850014,2.249531955436699
Mats Moraing,3.353521283670961,1.6214997265882223
Thiago Moura Monteiro,3.5471328601712577,1.3974474882308434
Federico Coria,4.71937554849277,1.8304646955171533
Oscar Otte,4.6761730540381965,1.5110892281131043
Xin Gao,-11.141551980045612,10754.01310974273
Soon-Woo Kwon,7.396401960280351,1.7960439119863287
Jaume Antoni Munar Clar,6.562611070758488,1.5302036396694372
Yosuke Watanuki,7.94717777579647,2.0626873863072763
James Ward,2.280873395579958,1.3977610576051118
Matthew Ebden,1.9657953645212058,1.3698400172026743
Alexey Vatutin,4.1914992592128,1.4747648558042166
Steven Diez,2.8672425742479173,1.4497015322871376
Enrique Lopez-Perez,2.631364480694422,1.4877337614319242
Filip Horansky,2.893809372928908,1.6535852434164728
Tihomir Grozdanov,-14.38556510101931,5701.764237716563
Roman Jebavy,-16.009829043380293,7449.80038246024
Jason Jung,1.62121110399178,1.4341271936896105
Alexios Halebian,20.65132533921829,10754.013139439738
Wil Spencer,1.0852568280959647,2.1129988420209833
Tomislav Brkic,-0.7818098044150704,2.060932234525255
Kristijan Mesaros,-0.2881895045546308,2.297477480755857
Michael Linzer,2.129696937589153,1.542555243646055
Tsung-Hua Yang,2.320639934048406,1.4961936144878463
Wayne Odesnik,0.03702489269829544,1.4841664932187744
Goran Tosic,-16.95657467372326,6165.675544308519
Ivan Bjelica,-16.821925862129188,10754.013027707872
Martin Alund,0.8189338181614231,1.5016016376256727
Grega Zemlja,1.4051238281258487,1.4009954488942467
Jeevan Nedunchezhiyan,-17.440953274247622,4160.802395322419
Marc Gicquel,-3.7250708189890016,1.8875433961538943
Inigo Cervantes,1.51789370535545,1.3947261444258405
Christoph Lessiak,-15.243249179368306,4213.60605397501
Sasa Stojisavljevic,-16.82192586220245,10754.013028326895
Martin Klizan,2.599460531110322,1.3658392198088847
Altug Celikbilek,21.928849233302532,10754.013065095594
Amer Delic,-1.669316421343367,2.3654518309772414
Kevin Kim,-19.31167951223172,3606.0795326341777
Julio Silva,-45.54657055020372,3950.246278071738
Amine Ahouda,21.51249016076265,10754.013020759436
Amir Weintraub,1.6435225773068765,1.4518401600660005
Daniel Garza,-17.80321658118968,4596.2328239132075
Ti Chen,-30.000807092640137,2597.5341649643215
Nicholas Monroe,-0.027242770014400487,1.7385781168422272
Murad Inoyatov,-30.886965493305212,7557.562526868487
Andre Begemann,-3.1069059058099655,2.0001215827438372
Andre Gaspar Murta,21.833895913297976,5469.466774266202
Juan-Pablo Brzezicki,-1.1593145794537294,1.8067639608595196
Andrea Collarini,1.372503457579334,1.6339888777270586
Eric Prodon,-17.64386682060713,2827.739471096064
Olivier Rochus,-2.2721236731948595,1.7556255379526127
Andrei Ciumac,19.566068511068327,10754.012931563966
Victor Ionita,NA,NA
Andrei Mlendea,-15.870805945530034,15804.442460597016
Teodor-Dacian Craciun,-35.43687445661461,11581.520079687376
Andrei Vasilevski,4.1148675617209065,11162.607660289503
James Lemke,-17.750485289879958,5980.424474822486
Andres Artunedo Martinavarr,38.58902725331277,6472.330240323043
Niels Desein,0.5738003851698497,1.5871165200096864
Andrew Carter,-12.429978154955394,10754.013069878474
Justin S. Shane,-31.996046666202492,15208.471036220579
Andrew Harris,4.268102492700938,2.0491891483319367
Jesse Huta Galung,0.9780578332594685,1.441545003350037
Andrew Whittington,3.769803867185225,1.621631012804813
Andrey Golubev,0.6181226167213574,1.394952113710515
Mohammad Ghareeb,-18.386617291783804,6050.8722449577945
Matwe Middelkoop,-1.0829756036655391,1.665014944808879
Philipp Petzschner,0.5687220430849768,1.4078483383636597
Andrey Kumantsov,0.5048628369536107,2.346432637618629
Jonathan Hilaire,-18.17055406815189,6781.31292783283
Morgan Phillips,-19.061205681763315,10754.013228750342
Antonio Sancic,-18.38080698805727,7218.3962904472255
Dieter Kindlmann,-18.52363000402819,6576.551000434926
Axel Michon,1.7612975509061441,1.5773400367737649
Stephane Bohli,-2.3988424304192106,2.1263748636112485
Takanyi Garanganga,1.5387186786783245,1.5957660441433237
Kevin Krawietz,1.5916282852235286,1.6466300087484365
David Souto,-16.26551024742362,7425.405950221388
Ze Zhang,2.9450945454761883,1.4347506714865106
Marco Trungelliti,3.11637964202474,1.407880709245017
George Morgan,-12.60009530902965,2259.9743843461806
Tobias Simon,1.311235620852636,3.4466605595196085
Cedrik-Marcel Stebe,4.473185198729031,1.4319213521709053
Kamil Capkovic,-16.897275693743676,3310.2912777385422
Igor Sijsling,1.5426025099572684,1.3788682795764953
Omar Alawadhi,-18.819960207481003,3351.488551220419
Louk Sorensen,0.7835138817475608,1.5949667072206428
Martin Fischer,1.5293969176647388,1.4343490941612171
Yassine Idmbarek,-17.80778961890953,5302.553974198466
Philipp Oswald,0.48270995302798003,1.5854248100201085
Michael Lammer,-0.03516386768019237,1.6320952628761607
Yannick Mertens,0.8522178057006083,1.4900053802208053
Jordi Samper-Montana,1.8599703380382107,1.54831678297124
Stefano Travaglia,3.088204794910262,1.4302498377311352
Guido Andreozzi,2.7855030207412605,1.408812290564696
Jan Satral,3.166741562368147,1.588950714360074
Nikola Milojevic,4.517929982387674,1.580850276598286
Taha Tifnouti,-15.050954189865722,10754.01306792266
Christopher O'Connell,3.316089958371936,1.863487739077499
Noah Rubin,5.596259128029482,1.5284454423624616
Lucas Miedler,4.809165209587876,1.695514013026453
Jared Donaldson,4.262021757367785,1.3907469686904643
Sarp Agabigun,-15.05095418089373,10754.013019776115
Max Purcell,4.49893724345883,1.614643815160711
Ilya Ivashka,6.814182179674096,1.5606386121309068
Kamil Majchrzak,7.6206914545446205,1.8516059052273188
Michael Llodra,-0.04614875146998117,1.4456673827643804
Ivan Ljubicic,-1.4845063307479567,1.723730343509087
Andy Roddick,1.5069029295366838,1.47647371816394
Ante Pavic,2.9034015562413082,1.4466112246115725
N.Sriram Balaji,0.6911259069984073,2.162020503838617
Vishnu Vardhan,-0.8198991555535925,2.2997957328437533
Eric Butorac,-16.662666958083534,10754.013040133192
Aisam Qureshi,-17.384546690694524,5368.475370361385
John-Patrick Smith,2.123116591294408,1.4081044778915865
Marcin Gawron,-13.928813529843643,1818.2016388552956
Antoine Cornut-Chauvinc,27.67856545084909,6166.336107542645
Zdenek Kolar,9.22311048074723,3.1405953550913703
Antoine Hoang,6.168388166341905,1.8873907550497193
Sergio Gutierrez-Ferrol,1.9974917346142713,1.55207392943199
Kaichi Uchida,4.367727766126117,2.5265055144751467
Anton Bettink,40.90076483132345,12823.93221480037
Sebastian Lavie,21.33469631083526,6986.017622953594
Anton Zaitcev,-13.997206960028787,11064.356967096493
Antonio Veic,2.065378431650114,1.415107594368619
Christopher Kas,-18.16895076912831,4468.770488853771
Victor Crivoi,-0.4834878233495744,1.5745452105501132
Robert Farah,1.3201008811680357,1.4542512028059473
Stefano Galvani,-20.3673510302544,3869.5375654030063
Blaz Kavcic,2.233506506953473,1.4018333318632745
Sherif Sabry,-17.41299229529747,7597.793669171239
Pavol Cervenak,2.092632907710061,1.4931015305282231
Aoran Wang,19.56606851113396,10754.012931918634
Zhao-Tai Li,NA,NA
Artem Dubrivnyy,25.325162477034134,6283.424443570322
Dominik Hrbaty,-37.60620268977627,10899.133639477632
Hiroki Kondo,-35.83312282665557,4772.897275916273
Carlos Salamanca,-1.8641802876092832,2.3249570113103535
Caio Zampieri,-16.261437759032503,2179.3189011316335
Aslan Karatsev,35.66575090961851,2419.6238530490177
Victor Baluda,19.7231269422482,1663.6842050437308
Franko Skugor,0.6882622167114668,1.494506772000885
Tatsuma Ito,1.6927592913806178,1.388204772832377
Michal Mertinak,-49.97899009423065,6036.712873047252
Attila Balazs,2.260002150492168,1.50636361871063
Josko Topic,-33.23064100964683,4828.381306460826
Sebastian Kraila,-17.30606636808886,10754.013078182212
Augustin Gensse,0.6114355092009806,1.6898903934571854
Austin Krajicek,2.7923937865349253,1.4043495446746193
Phillip Simmonds,-19.4347540981337,3306.826202905176
Erik Crepaldi,-32.050712743845594,5566.993333573043
Izak van der Merwe,2.376793944090422,1.5135012840301594
Austin Smith,-15.302812248877078,10754.013028363417
Nathaniel Schnugg,-34.86888076766347,15208.471035594277
Laurent Rochette,1.6061736163003326,1.5279238058947615
Alex Bogdanovic,-63.85738410158112,4846.5494794447195
Becker O'Shaughnessey,15.807532124658755,10754.013149041768
Benedikt Dorsch,-17.99948514190009,1861.3136501881443
Frank Moser,-34.20072495877334,2698.1188073153226
Benjamin Balleret,-18.12915964929346,3122.513242106447
Scott Lipsky,-47.6215720053657,3358.667198026171
Benjamin Bonzi,5.670168781304141,2.070962818412985
Michael Venus,1.0304445529068305,1.5510750245149836
Joao Sousa,2.822280347732857,1.3596095346938661
Markus Eriksson,-15.668008534529601,3756.19730981747
Jamie Baker,-29.974509666994166,2593.784908963721
Juan-Sebastian Cabal,-1.784467869991764,1.8861434499751613
Jonathan Eysseric,2.227979487035287,1.4898889740415653
Andrea Pellegrino,2.5958323210418666,11142.629328915713
Patrik Rosenholm,3.0834852409793228,1.963859187280536
Jean-Rene Lisnard,-1.2812578817503866,2.0630438813818204
Sebastian Rieschick,1.7459379433549258,1.7009531269385516
Brian Baker,0.13003246263301582,1.4652404153252563
Rohan Bopanna,-35.102936720675686,3637.427239679263
Joshua Milton,1.48427479672149,1.9415865476526168
Mitchell Krueger,3.5194927378991037,1.4724221113921674
Purav Raja,-15.588267103274797,10754.01306562305
Jeremy Jahn,-16.02886912028646,5194.852800161523
Blake Strode,-0.049670031412384436,3.74639406136087
Clayton Almeida,-19.615738551591182,10754.013632808537
Nikola Ciric,-17.329628771354,1733.7958842247413
Mehdi Ziadi,-15.220099810799105,2838.2133202570117
Enrico Burzi,-17.332562004351402,10754.013023989253
Robert Kendrick,-1.05500701342896,1.6414826230196213
Blaz Rola,3.461471246686343,1.5593394169666857
Roberto Quiroz,1.8672223729498174,1.5359422390589048
Dimitar Kutrovsky,0.4029409591252182,1.8598556188866453
Fabiano De Paula,0.6013761860325476,1.8660552704536468
Bobby Reynolds,1.4321764714087621,1.4540024878047386
Lester Cook,-18.823752558162216,5787.2101235370665
Stefano Ianni,-18.470219837726912,8996.803084744093
Jorge Aguilar,0.2511197592514651,1.8663574362167943
Bogdan Ionut Apostol,20.126113124737874,10754.013071938787
Di Wu,2.6614799441379153,1.4685405456084792
Gianni Mina,3.882660610803105,1.986714663408558
Jiri Vesely,3.3184439535164714,1.368142220260976
Marcos Giron,4.062816637404226,1.4912967532244583
Lucas Gomez,-15.647603995067,10754.013027729829
Mathias Bourgue,4.531813473528069,1.5444798561333433
Grzegorz Panfil,-16.290901167683945,6033.277841703423
Reda El Amrani,-16.224740739102565,6087.444265524931
Artem Smirnov,-18.101761822338087,3832.7849535477303
Borna Gojo,22.246063432502776,10754.0130216524
Borut Puc,20.913072118131595,5932.96326086262
Pablo Galdon,0.3396300526125378,1.8744685418033187
Jan Minar,-1.4651502241926806,2.2060030710812404
Luka Gregorc,-1.8755829654203613,2.137015002000145
Gregory Ouellette,-30.304842221957415,2630.8918343373352
Marcus Daniell,0.5315690353961692,1.8356232378148771
Ricardo Ojeda Lara,2.829216374810084,1.6159780931116974
Brandon Nakashima,22.469470067582073,10754.013030678947
Brayden Schnur,4.932008612460827,1.5766628302519805
Gleb Sakharov,2.719971191451568,1.6089676825043981
Luke Saville,3.494026608153168,1.5030208275255361
Bruno Sant'Anna,-13.793666763294757,11410.61749760367
Brydan Klein,0.0553538720902707,1.7246771293122967
Colin Fleming,-32.17178052984972,4064.776025700156
Leonardo Tavares,-34.32374735848005,5518.8177953926615
Calvin Hemery,6.107911166192422,1.726827486526757
Nikola Cacic,3.730865904507874,1.8172964356455772
Daniel Smethurst,4.335659815484843,2.46334459106378
Nikola Mektic,-0.040105227218547916,1.6387632164820687
Cameron Norrie,5.3246629710605555,1.4243786774002156
Jose Hernandez-Fernandez,2.013075404370783,1.7196701475449905
Chung Hyo Woo,-14.241405548194708,10754.013069302666
Filip Peliwo,3.2365156899786007,1.8643518282950446
Christian Harrison,4.963865522043855,1.5441655485870778
Maximilian Marterer,4.510880515304766,1.4107534630827743
Yoshihito Nishioka,5.612519642149195,1.4087876211875179
Yecong He,-12.631737812272002,4742.961902457991
Carl Soderlund,39.132137022183294,15208.470937929393
Fred Simonsson,19.566068511062475,10754.012931531342
Dmytro Badanov,19.566068509479383,18626.49678794219
Andre Sa,-47.8139040424474,2861.793272993313
Carlos Gomez-Herrera,3.995035284808014,2.1617279429613636
Boris Conkic,-15.57103322776908,10754.013156948202
Carlos Taberner,6.162530422710821,1.8604425283347095
Yannick Maden,2.5237395272571392,1.421691989040821
Joao Monteiro,2.752736307842745,2.7575080427198633
Carsten Ball,0.4134589043676115,2.110412440828026
Luis-Antonio Perez-Perez,-19.152609608285854,10754.013147247817
Casper Ruud,8.12438037056563,1.6187986015409868
Yannik Reuter,3.6001922126914825,1.9743111125819541
Salvatore Caruso,3.497384222424956,1.4428171360259026
Oriol Roca Batalla,4.22499974503897,2.0366953252763356
Dmitry Popko,3.2215666758468573,1.9511984743621904
Daniel Masur,6.535272153934047,1.7820860236849665
Quentin Halys,5.244120199240011,1.5758839880293516
Ernesto Escobedo,7.107652428934871,1.615230966035594
Matteo Berrettini,5.283728684491708,1.3956202853964894
Catalin-Ionut Gard,0.3248325559434259,1.890610510885307
Vijayant Malik,2.3964703778326735,2.7032505995315494
Jerzy Janowicz,3.1804508224480346,1.3736760129069663
Miljan Zekic,2.667758980015059,1.6423814565243313
Cem Ilkel,4.799496343084307,1.8857080822938626
Cesar Ramirez,1.6646263528487717,10597.448734599373
Juan-Carlos Spir,-16.923668796664018,8294.871346597667
Charles-Antoine Brezac,21.354983876446834,3928.850714314312
Chase Buchanan,2.0308633565813135,1.5286931489816271
Chris Eaton,2.2588256424153808,1.999615101553922
Chris Wettengel,1.3907662858987153,2.158920068458778
James Cerretani,-17.13823034237692,5627.544412193732
Fritz Wolmarans,0.22578324644864714,1.6946971177518626
Micke Kontinen,-14.021582953954882,4843.5259076410175
Cedrick Commin,-14.799403612077056,10754.01302925841
Gianluigi Quinzi,3.6165044142835425,1.7922934324161104
Michal Konecny,-16.307685173050345,3779.484111937019
William Boe-Wiegaard,-13.733775284710577,6966.16709782118
Dennis Novikov,4.364706609373331,1.4381837992896533
Christian Lindell,4.919333777203232,2.042547404105584
Marco Bortolotti,-14.990211128974902,7534.415785992555
Joao Pedro Sorgi,-13.764946862662168,6919.787734520882
Damiano di Ienno,-13.760441647267182,6904.217712234432
Christopher Eubanks,5.142692347550768,1.5618544080532415
Adam El Mihdawy,-14.423376165343782,10754.013054991854
Thai Kwiatkowski,3.547661027318683,1.795803696864476
Chuhan Wang,21.305790077334354,5971.32522509846
Jose Statham,-17.30384524280524,3027.0374879148003
Clay Thompson,23.62888514884424,10754.013036895225
Travis Rettenmaier,-39.181807070302824,15208.471462953752
Clement Reix,3.036508107672308,1.6599213227423517
Maxime Authom,2.523965128060854,1.506343842533286
Clinton Thomson,-19.22180276538105,10754.013077263442
Romano Frantzen,-38.78787128408768,15208.47106982972
Colin Ebelthite,-28.850491713593467,1541.9866076559395
Simon Greul,-43.84550942865663,1890.3662349635028
Collin Altamirano,18.20290605781733,1354.7627672116812
Connor Glennon,19.566068511068327,10754.012931563966
David O'Leary,NA,NA
Constant Lestienne,3.853150768566668,1.5357813426846887
Roberto Ortega-Olmedo,0.7061288618377668,1.9956145861152739
Laurynas Grigelis,3.7033313599149174,1.6486094545555277
Bastien Favier,-15.712917750455059,10754.013084153527
Jacob Adaktusson,-17.322955782952608,4271.123850401665
Sandro Ehrat,1.1756044493715305,2.2500123855024965
Lucas Renard,2.014485126797361,2.4821983215206065
Alejandro Mendoza,-33.85833485283231,8834.509039702976
Goncalo Falcao,-15.71291775181485,10754.013091251647
Corentin Denolly,23.681579189254954,6737.906725561572
Corentin Moutet,10.292865326230027,2.25703160775624
Danilo Petrovic,3.09222614942595,1.7795128673015983
Karim-Mohamed Maamoun,5.59329404875834,7.672340652961656
Lorenzo Sonego,7.170333885947491,1.588309767870109
Gleb Alekseenko,2.1000870348026974,2.620072641161045
Yuki Bhambri,3.2444335540315707,1.4713263772233356
Renzo Olivo,2.7959796442466267,1.3991688080684057
Dusan Lojda,0.2784266588682622,1.8452276840652924
Lovro Zovko,-16.160903432861332,10754.013027888162
Oscar Hernandez,-18.29431251320481,4904.2177464873685
Dane Propoggia,2.398113590493495,1.8130847938339492
Daniel Altmaier,21.12575641253836,3928.2262773924353
Petr Michnev,-15.874647113691031,6616.416535675705
Anil Yuksel,-15.327412369541356,6788.112453336244
Max Raditschnigg,-20.005489564448208,7042.104308264881
Laurent Recouderc,-18.048787155759285,10754.013028168654
Walter Trusendi,-16.88003895865079,4530.62048714167
Daniel Cox,2.044177673851375,1.5410099270067594
Steffen Zornosa,-12.982720438966036,10754.01308211676
Mikael Torpegaard,5.218705573990515,2.056758857569538
Zhe Li,-21.62937493605539,3283.639885635568
Lukas Dlouhy,-17.98240089384819,3508.7348505572572
Daniel Kerznerman,25.348138969796302,16736.2490553621
Vitalii Shcherba,5.782070458718104,12823.932248327907
Daniel Kosakowski,5.010197072288938,1.7485721057916828
Marcus Willis,2.715949958080992,1.6530603695200725
Karlis Lejnieks,-14.892199236288798,8996.803134904714
Goncalo Pereira,-19.138918256428926,5194.473842761864
Daniel Nguyen,3.406514699683178,1.7731091152872198
Austin Karosi,-16.159553813051915,10754.013086694267
Philip Bester,-0.5519181323910946,2.142500320075854
Talal Ouahabi,-15.230408703305327,10754.013255210615
Daniel Windahl,23.56110380374762,10754.01319079514
Johan Backstrom,3.99503529107236,15208.47112741681
Daniel Yoo,-1.5615979241922753,2.8182459604182846
Alexander Zhurbin,-14.368429029494418,7222.4210015261715
Thanasi Kokkinakis,5.141397437014741,1.4400590344825623
Gregoire Burquier,0.84302370112655,1.606086687441476
Florian Reynet,-15.289028866721852,5946.913088217928
Fernando Gonzalez,-19.58779496587719,3221.249749011197
Dennis Nevolo,-16.036812510101914,10754.013027380275
Mauricio Astorga,-16.526765430393514,7450.992195367934
Akash Wagh,-15.803701828282247,7567.0035687505015
Filip Polasek,-16.03681251016835,10754.013027846075
Roman Borvanov,-13.757990627739092,1925.5815488430687
Jesse Levine,2.8276681432599355,1.4655053113163683
Guillermo Olaso,2.5911907917453725,1.5231228430892916
David Rice,2.3455162444155664,2.0859775894204398
David Thurner,-16.668592557946866,10754.013019479475
Michael Lux,-36.23466106916506,15208.471000471625
David Vega Hernandez,24.056502743261458,10754.013103676163
Jordi Munoz-Abreu,4.490434232102575,15208.471059799123
Frederico Ferreira Silva,4.4904342321623085,1.923081653978799
Dean O'Brien,2.6423997218246233,13581.37274521279
Henrique Cunha,-13.91771121382252,1844.0110911088573
Dennis Zivkovic,-17.15895430761463,6048.658889326604
Treat Conrad Huey,-15.681580837840036,2863.291592360348
Sahr Timothy Kpulun,-16.558502676118596,10754.013061773501
Denis Shapovalov,4.929777993976124,1.3847705834728161
Liam Broady,3.7388574186471626,1.5283750740969022
Stefanos Tsitsipas,5.105347924729709,1.3741055924243701
Dennis Bloemke,20.765144867229118,4258.597585417021
Dennis Lajola,0.13514492552129262,1.9788438422593515
Viktor Galovic,3.8737892609489073,1.4729457848590413
Wesley Koolhof,-14.244878758743617,10754.013033650332
Mateusz Kowalczyk,-14.244878759052497,10754.013034698588
Federico Gaio,3.249016183854217,1.4509047166477163
Facundo Mena,-13.845282195293146,5458.855622508925
Denys Molchanov,1.3951539084641142,1.532785810150476
Thiago Alves,-59.46749157260411,2410.854604108922
Devin Britton,-15.475381749226768,6822.056990342141
Andrea Agazzi,-34.13121431781668,9647.845363949165
Rhyne Williams,2.9803113351129813,1.4714657966050309
Dayne Kelly,-16.904588567150647,10754.013033133822
John Peers,-16.904588567171444,10754.013033095845
Dzmitry Zhyrmont,-0.29265580074007247,2.377473058046455
Wilson Leite,-16.608776325533203,10036.895632845077
Dino Marcan,2.8377552496402902,2.009527733430326
Tomislav Ternar,-16.72831326161297,10754.013120315743
Ivo Klec,-1.677130530685542,1.6845759150645065
Dominic Inglot,0.6392702637098759,2.1478641296219405
Nicolas Meister,2.378924201333729,1.9649035829339194
Matt Reid,3.4343296740200455,1.961245207087683
Thomas Muster,-17.223794131088326,5460.582179636674
Dominik Koepfer,9.595140838766811,2.8395735984155017
Blake Ellis,-9.132852276017891,7072.693438041534
Gerard Granollers,2.2960014930647157,1.6057477647767822
Alberto Brizzi,-18.092057037761943,5971.855122132869
Simon Stadler,-19.14640823550781,3920.583285669868
Dragos Dima,21.9473825772392,7475.508688454111
Dragos Nicolae Madaras,16.997718331756655,10754.013121144577
Duarte Vale,39.13213703144585,15208.470973144855
Felipe Cunha-Silva,19.566068511048833,10754.012931455805
Duckhee Lee,6.514406120106652,1.8532588049398635
Nicolas Kicker,4.5025648135026115,1.4783716591001692
Duje Kekez,22.26606144483735,5039.7527686664625
Marko Mijacevic,-15.28845596964225,4150.582800574215
Alexander Perfilov,-16.91233944071034,10754.013018673477
Filip Prpic,-16.912339449816724,10754.013067773405
Sanam Singh,0.11624232223852628,1.6973203962855394
Edan Leshem,19.649716286992128,10754.013033469299
Marcos Daniel,-18.03107586366886,7441.832492055364
Efe Yurtacan,3.2989643085084746,15208.471044727587
Andriej Kapas,-16.26710420256794,10754.013082802177
Roberto Marcora,2.2454823810522284,1.641621133278342
Vaclav Safranek,5.275235314057516,1.7650748651046677
Adam Chadaj,-51.389495708887964,7185.187565096149
Karen Khachanov,4.369222433389153,1.371858805037646
Elie Rousset,3.2751787849971277,13071.57727334424
Vadim Alekseenko,-16.290889735411156,7430.836911028536
Stanislav Vovk,-16.290889734242914,16926.75182921933
Elliot Benchetrit,24.637482003983376,3006.0821284056137
Pedro Cachin,5.2120987845121,1.7443034021058692
Enzo Couacaud,7.261896028528818,2.059008875489577
Elmar Ejupovic,19.566068511149602,10754.012931999056
Jan Blecha,2.4671850508647972e-11,15208.470938277405
Pascal Meis,NA,NA
Emil Ruusuvuori,5.720786317696223,12060.17823471693
Emilio Gomez,2.2738802841762498,1.5758653879629654
Michael Quintero,-32.05527099999253,7719.987471370421
Jules Marie,4.836842507982636,3.0082190956891823
Hugo Nys,4.0528487484240765,2.049073336147969
Filip Veger,5.768401725009899,2.3719835662865094
Ergi Kirkin,22.31240639857999,10754.013020003804
Eric Quigley,3.0729166023221333,1.8177893002223915
Mark Philippoussis,-16.49315190883122,10754.013085631052
Claudio Grassi,-19.50626210076151,10754.013052694325
Ramkumar Ramanathan,4.089932363014691,1.4279603799659577
Stefan Kozlov,4.922095647099656,1.488527216092248
Pierre-Ludovic Duclos,-29.765915351961322,3427.1058884121508
Gorka Fraile,-17.2032877995795,10754.013027493422
Ervin Eleskovic,1.260117475917044,1.9391102235533264
Evan Hoyt,19.56606851108069,10754.01293162991
Adam Thornton-Brown,NA,NA
Manuel Sanchez,-15.943764703945092,4027.821874324939
Evan Song,3.885946706222795,2.2274858546179166
Tigre Hank,-15.680121814095045,10754.01321198523
Robert Coman,-14.988605135932605,3709.905550585577
Costin Paval,-17.117150470908015,10754.01306887542
Jarmere Jenkins,2.092739472752962,1.7802076293076432
Jesse Witten,-18.150231728614923,2180.6537358665123
Jose Checa-Calvo,-16.649950275185763,7396.822480698021
Evgeny Elistratov,19.56606851113036,10754.01293189697
Pavel Zelenkin,NA,NA
Tim Puetz,3.298964311212275,1.712105430434529
Richard Muzaev,2.0000748078031867,2.921596919737002
Ajai Selvaraj,-18.530897801143475,5736.570521065452
Antonio Ruiz-Rosales,-18.993633505729637,7120.732282906207
Evgeny Tyurnev,21.4463390866177,5364.471372456066
Yahor Yatsyk,1.8802705675686484,12017.751376938695
Mauricio Echazu,-18.96469232761816,10754.0131074027
Federico Zeballos,0.6294413192341968,2.047442147364667
Fabrice Martin,0.22503564327739842,1.5629169909984304
Fabricio Neis,-16.682206819980703,10754.013066841084
Andre Miele,-36.24827533891147,15208.471062901555
Guillermo Hormazabal,-19.145351940724236,6308.45589924281
Cristobal Saavedra-Corvalan,-16.682206820825762,10754.01307162229
Alessandro Motti,-16.682206813142653,10754.013030354728
Filippo Leonardi,-0.4373373475051226,4.148674250532378
Fajing Sun,5.324662970880077,15208.471066261212
Nicolas Devilder,-0.03502158292444435,1.846858321420113
Harri Heliovaara,-15.67885761052399,2669.0061076307898
Daniel Dutra Da Silva,-17.14298515729371,7281.419805977874
Henrique Sousa,NA,NA
Felix Auger Aliassime,11.389145125876324,2.226084171184062
Hubert Hurkacz,5.862650170346326,1.4678126066653083
Yusuke Takahashi,6.986546476637408,6.664593437402662
Tallon Griekspoor,8.972329118056082,3.0103365487999416
Lloyd Harris,11.76714017028696,2.156871726613459
Zizou Bergs,-8.17692338523504,10754.013162973592
Yibing Wu,-5.120114905094351,2332.301744886612
Filip Bergevi,20.006237474200503,6926.2119667339075
Milos Sekulic,-15.296070619040504,4285.08807181705
Juan Lizariturry,-34.254656322216235,9237.553287624587
Moritz Baumann,-13.797666795032956,10754.013242161222
Florian Fallert,-13.797666793424543,10754.013233099608
Filippo Baldi,5.205141065297357,1.7561842842034414
George Bastl,-76.41396171348022,3772.9519594134126
Razvan Sabau,-21.062319507487715,6044.966994047804
Remko de Rijke,-33.36373530551736,15208.471155167163
Guilherme Clezar,3.882372162242714,1.4507236568083683
Patrick Daciek,-14.83188517752755,7333.439399618769
Zhizhen Zhang,4.584401829311308,1.5828118487604415
Kevin Jack Carpenter,-15.382868638459247,10754.013069716226
Saketh-Sai Myneni,0.757466412819716,1.6871517014261537
Francisco Bahamonde,19.56606852037784,10754.01298162275
Juan Manuel Matute,NA,NA
Francisco Dias,19.566068511048833,10754.012931455805
Diogo Rocha (1984),NA,NA
Andrei Stoliarov,-53.12934398248929,11064.356967486441
Simon Norenius,NA,NA
Ji Sung Nam,0.36594891889794867,5.89237269967939
Sadik Kadir,-37.61470416616666,47453132.84962381
Alexander Peya,-32.50830202268306,3823.1279322240794
Gabriel Townes,2.6799949208318536,15208.471002057218
Erik Graves,-16.886073590245672,10754.013022454343
Ryan Sweeting,3.5147042634360557,1.4539380061950056
Michael McClune,1.7323277196293072,2.033381982142268
Gavin Van Peperzeel,-13.547396793489844,6811.5323617043
Emilien Firmin,-33.11346531311434,12729.719880153687
Geoffrey Blancaneaux,24.808961306047873,3925.128163107934
Sean Thornley,-29.046312246543085,3196.005025702528
Johan Brunstrom,-17.19324990565301,8561.402183501094
Julien Obry,-15.685738872576804,6531.936679124536
N. Vijay Sundar Prashanth,0.31975555693633956,1.8143183419476576
Miguel-Angel Reyes-Varela,-16.820224329692387,6181.253488602451
Germain Gigounon,1.510717703922939,1.8021186826539575
Gian Marco Moroni,21.680658807149182,5711.0266628678955
Luca Margaroli,-14.346947570799493,6869.957050206583
Philipp Davydenko,3.2506921921583136,1.7617995924505405
Prakash Amritraj,-48.59382512747497,7183.26622067518
Goncalo Oliveira,40.058173410143546,5461.079703439049
Jason Murray Kubler,3.7445030770225913,1.5887993724319536
Jan Choinski,22.4299727937569,3628.874591147206
Osvaldo Aguirre,-17.956118620583165,10754.013157918484
Stefan Koubek,-36.01544624227168,4182.924720227594
Joshua Goodall,-17.623940627942375,3853.03743872953
Stefano Napolitano,4.265478494012387,1.5293433865542851
Jonathan Dasnieres de Veigy,2.037025103990767,1.507484673301908
Mahmoud-Nader Al Baloushi,-16.225374604944115,10754.01306609065
Thomas Drouet,-16.225374595795095,10754.01301764519
Augusto Laranja,-15.68369635047111,10754.013038429362
Julio-Cesar Campozano,-47.313699668358595,4382.023774343005
Ryusei Makiguchi,-15.683696350357462,10754.013037637815
Guillaume Rufin,4.060942222309212,1.5005912237300505
Thomas Oger,-19.582374584740965,4746.638656513092
Nicolas Renavand,0.927141057816976,1.6467292798530215
Adam Kellner,-16.668732046644244,5082.020976018055
Igor Zelenay,-33.44539886676122,9839.000911229297
Yannick Jankovits,-17.278927106809714,5922.860687561804
Guillermo Rivera-Aranguiz,19.09205806651562,10754.013074622875
Haitong Xia,19.566068512694432,10754.012940309685
Djordje Djokovic,NA,NA
Happy Takura,-7.716681188287655e-9,15208.470967894198
Eric Sock,-19.566068518890166,10754.012973621473
Harry Bourchier,2.200774028537194,11213.824030255777
Patrick Davidson,-17.365294482573315,15537.008834357852
Edward Bourchier,-17.365294484184787,15537.008840358136
Michal Schmid,-21.527880207767275,75026.01051188918
Rameez Junaid,-16.45064978218044,10754.013029423064
Photos Kallias,-16.450649789869747,10754.0130710417
Robin Roshardt,-16.45064978065376,10754.013021301094
Younes Rachidi,-32.18480632158862,7203.982272819233
Henrik Sillanpaa,4.269997901022967,11576.302300448187
Florin Mergea,-32.094808331185995,5677.612236681587
Hernan Casanova,21.72894323797194,10754.013032076939
Dane Chuntraruk,-16.915776253730183,10754.013070389898
Richard Bloomfield,1.421163990678425,2.17914105204236
Takao Suzuki,-80.60357423321054,6381.869877991682
Divij Sharan,-31.031871202214845,5202.78129640326
Kittiphong Wachiramanowong,-0.915043300113906,3.437909771750281
Hiroyasu Ehara,2.9957349883855695,2.0018139489915483
Hugo Gaston,23.36426445945107,7337.9947804312915
Maxime Chazal,-13.837891302471808,3476.5765468752093
Hugo Schott,19.56606851106804,10754.012931558887
Maximilian Dinslaken,NA,NA
Kelsey Stevenson,-14.790459877248251,7210.932163238798
Peter Nagy,-14.962262036252405,7378.9328076579195
Ilia Shatskiy,19.56606851107039,10754.012931573632
Vitali Reshetnikov,NA,NA
Vladimir Obradovic,-20.560119697741104,10754.0130916953
Ilya Belyaev,21.58753057227722,5697.128247648805
Sumit Nagal,5.640878558366286,2.0802738931837017
Ryan Shane,5.719985983992173,2.180467171623647
Ilya Vasilyev,25.34813898074968,16736.249093157217
Muhammad-Ashaari Bin Zainal-Abidin,5.782070460278874,12823.93225530299
Adam Thompson,-18.30981828176579,7560.665210685515
Ranjeet Virali-Murugesan,-18.017263961332755,7603.655148654364
Isak Arvidsson,21.013258949693597,5860.300497506284
Herkko Pollanen,1.4471904309385148,12247.118720147544
Michael Kohlmann,-62.85214883007864,4678.625039388183
Ivo Mijic,-14.634656440927232,11087.318882578384
Sebastian Decoud,-0.9787859326550273,2.0153810787124695
Jaan-Frederik Brunken,1.2407379362579405,10515.624785992866
Reid Carleton,-15.727846493455857,10754.013061919337
Matthew Barton,5.28546711320679,1.7235506975144608
Jaden Grinter,19.566068511057647,10754.012931509866
Herbert Wiltschnig,NA,NA
Jakub Paul,41.332911052355016,11213.824022009945
Matteo Donati,21.766842541244184,3178.215703732107
Bumpei Sato,-16.850746239108414,7575.49756088239
James Marsalek,-13.611121274466726,3678.922109356489
Marcelo Melo,-46.91594688467956,3886.950102824716
Maximilian Abel,-22.057547734919652,10754.013120104744
Jannik Sinner,24.570915395558483,2410.6266383506413
Mario Vilella Martinez,5.239812119822892,1.8104217399074578
Mate Valkusz,5.004846875080616,11020.885445823158
Marc Polmans,4.456459154929467,1.6530681349407519
Jared Hiltzik,24.488164167238434,10754.01308305574
Ryan Haviland,-33.85864905388096,6085.434172837142
Jathan Malik,19.566068511155994,10754.01293203902
Keelan Oakley,NA,NA
Stefan Merunka,-13.003457449624346,10754.013088113017
Pedro Sakamoto,3.3746662426932548,1.9554296215547666
Thomas Fancutt,-13.003457440540295,10754.013041601122
Tiago Cacao,-13.003457440401178,10754.013040897524
Javier Marti,2.3141263298612307,1.54692889302497
Pablo Figueroa,-17.251942188972677,10754.013084034892
Tomasz Bednarek,-16.572333965223883,5200.140117275799
Rickard Holmstrom,-17.25194218277068,10754.013051031843
Daniel King-Turner,-19.16641561267419,5404.6071895020195
Marek Jaloviec,-11.702857050372156,7037.984250539205
Jc Aragone,6.280131073002295,2.018745522322183
Jean-Marc Werner,20.750622267370872,10754.013033351495
Jean-Yves Aubone,-29.70433048181613,3197.0948011540804
Ken Skupski,-46.17117918385792,3928.1841808387253
Jeff Dadamo,16.997718337763672,10754.013154137801
Jeff Wolf,27.332416868215006,5144.677993758132
Jenson Brooksby,51.28633425336314,4918.071557053236
Pedro Martinez Portero,33.676191679651915,2798.359905655169
Peter Steinberger,-16.385617688752312,10754.013020165798
Krisjanis Stabins,-16.385617688836874,10754.013020468541
Travis Parrott,-16.738400368058752,10754.013032987501
Robbye Poole,-16.738400368370176,10754.01303426228
Eric Nunez,-37.71630023973458,10972.877692312695
Jessy Kalambay,22.449930211923405,10754.013030638303
Joan-Marc Grimal-Ferrer,-13.99720696015173,11064.356966251426
Joao Menezes,4.911219576911016,2.114798306106113
Ludovic Walter,-0.13807583824184858,2.377970563308299
Juan-Martin Aranguren,-17.523925752859924,7079.141359869647
Marc Auradou,-18.200000500154317,10754.013074052873
Joe Salisbury,4.258654445359282,2.1973679855762107
Johan Nikles,40.79676338622053,18536.54523494743
Nicolas Barrientos,21.23069486573245,15098.169227612898
Johan Sebastien Tatlot,17.719016629223088,1831.9369071584
Jonathan Mridha,19.566068511062358,10754.012931532141
Nima Madani,NA,NA
Jordan Cox,20.987232508725803,10754.013190736427
Ivan Anikanov,1.4211639954303115,15208.471129067275
Yan Bai,1.1985439777413942,2.007343909400385
Martin Vassallo Arguello,-21.292735334073274,5503.4916720207675
Joris De Loore,3.538108936007018,1.6637606760688628
Jose Anton Salazar Martin,-16.608776326426828,18221.878672365943
Mike Urbanija,-36.17484483755563,14710.134880797303
Jose Fernando Carvajal Torres,19.56606851107205,10754.012931583527
Sanchai Ratiwatana,NA,NA
Ashley Fisher,-36.869913754748524,11171.91792724416
Gabriel Moraru,-19.140298815307098,10754.013085694556
Sonchat Ratiwatana,-36.489737307785134,13581.372713863946
Juan-Sebastian Vivanco,19.566068511126435,10754.012931876108
Tomislav Jotovski,NA,NA
Ivan Endara,-15.271917841330241,10754.013035844568
Romain Arneodo,-15.271917839987832,10754.01302854051
Daniele Bracciali,-15.271917840904058,10754.013033610016
Juan Pablo Paz,22.658294669712202,10754.013128519291
Juan Sebastian Gomez,20.087768387617952,10754.013150377243
Jui-Chen Hung,2.6502922661762764,15208.4710696029
Julian Lenz,17.495721444874004,1978.7794367582833
Julian Ocleppo,20.750844870996488,10754.013022608453
Julien Mathieu,0.21615604446636477,1.9356564727459957
Milan Pokrajac,-17.250294084567244,10754.013021382978
Mathieu Rodrigues,2.2079199153128894,1.7072837272232364
Timo Nieminen,-17.8301112658816,6056.101552589558
Jurij Rodionov,24.94012410379654,4121.186291357866
Maxime Hamou,3.72284777508867,1.9529592944030487
Jose-Ricardo Nunes,-15.864942244127887,7331.677951942971
Karunuday Singh,19.566068520399163,10754.012981732247
Andreas Gremelmayr,NA,NA
Kaza Vinayak Sharma,18.000360946363326,6618.468806378529
Marcel Felder,0.10144530772520688,1.9509916925925224
Lionel Noviski,-17.528329835833432,10754.013063299779
Jamie Murray,-16.425487134117002,10754.013067235166
Jose Daniel Bendeck,-14.748132900459927,10754.013096813613
Tyler Hochwalt,-13.237481779694734,2238.254540771347
Mario Haider-Maurer,-17.974440226240386,10754.013059745539
Mislav Hizak,-17.97444022593142,10754.013058172945
Marek Michalicka,-18.176415501747627,4617.382299069026
Arjun Kadhe,-15.144517514255293,10754.013067159238
Laurent Lokoli,21.7809106021876,3326.0198726717854
Kevin Boumlil,2.214842089433662,11256.607060848992
Paul Hanley,-18.583535525341116,6414.384878157853
Lennart Zynga,19.566068511070533,10754.012931575313
Neven Krivokuca,NA,NA
Lenny Hampel,24.77816729554713,10754.013072925778
Lewis Burton,1.9974917339324625,15208.471020365017
Barry King,-17.568576777206097,10754.01304801672
Liam Caruana,21.799575018633682,10754.01302685433
Lloyd Glasspool,3.1624269280609485,2.1837879355322007
Sebastian Ofner,5.789491426596612,1.590383064827203
Tommy Paul,7.1360903562907785,1.7190052024380211
Miomir Kecmanovic,11.168988187034756,2.1723671953225603
Loic Perret,19.566068511112235,10754.012931800386
Alexander Jakupovic,NA,NA
Lorenzo Musetti,21.720266735448458,7421.539999590998
Matthias Haim,-12.395734634179393,10754.013097270648
Louis Wessels,22.433311094632195,10754.01307931565
Luca George Tatomir,19.566068511072267,10754.012931584177
Patrick Grigoriu,NA,NA
Stephan Fransen,-15.714869042588536,7599.15448937259
Bruno Soares,-15.803928916840285,10754.013060711632
Luis Patino,3.329901254324358,2.001512763898033
Luka Zaninovic,19.566068511065733,10754.012931548761
Deni Zmak,NA,NA
Luke Bambridge,22.80628485923511,5681.013263006005
Miles Bugby,-16.072041902892998,10754.013036492088
Sarvar Ikramov,-16.072041910804586,10754.013079247805
Manuel Guinard,22.409149900747487,6943.880468171334
Marc-Andrea Huesler,22.331227773649637,7590.4944452679965
Marc Giner,2.199193901090929,2.6012945693256473
Marc Rath,-1.2236503867568864,3.5350353551176186
Jesus Francisco Felix,-17.557686952313617,10754.013128992847
Guillermo Duran,-31.45050767205713,5337.012929869319
Ilija Vucic,-15.620041050672711,10754.013070220388
Carlos Eduardo Severino,-15.620041050140559,10754.0130670007
Matteo Trevisan,-16.80594253564311,8072.687570410428
Marco Crugnola,1.6681239783503414,1.861373146156463
Takuto Niki,-13.668669827428126,3169.7312045443196
Marek Semjan,-14.75032718753568,6957.224417505266
Alexander Flock,-17.72440514524677,10754.013029390351
Raven Klaasen,-0.37865634019245087,1.7860591091976434
Dusan Vemic,-17.364797358427712,7486.368716304581
Mark Verryth,-0.9940511857608376,15208.471053384785
Marko Djokovic,-10.434738579816138,11063.27158077248
Marko Miladinovic,41.332911061528826,11213.824069660215
Marko Tepavac,3.80887862465556,2.034575510153142
Dorian Descloix,-16.90388065201725,10754.013031458751
Ignacio Coll-Riudavets,-16.903880658058767,10754.013064298299
Harry Skinner,-16.903880659123985,10754.013068131297
Martin Emmrich,-24.007272166812772,49383.625332148025
Alexander Satschko,-18.036671602793522,10754.013077411073
Martin Vaisse,22.210790048120373,6178.9338381955085
Tuna Altuna,-16.161342949101503,10754.013029072337
Nikala Scholtz,-13.212555655541033,2461.7822200154797
Mate Delic,21.987846782190424,3199.775758273484
Toni Androic,1.3639970837069992,2.2429555766143507
Kevin Botti,-17.358148595759495,10754.0130671038
Matias Sborowitz,1.5836676188330174,11311.941238010464
Matija Pecotic,23.546690205906152,7573.599528223092
Sam Barry,-15.808090788876084,7385.931447026979
Isaac Frost,-16.13173883721555,10754.013111251335
Andrea Basso,-14.282339826538724,10754.013021945502
Matias Castro,-12.092555301938823,6718.970303185591
Matteo Martineau,24.50335402111664,7391.260995624121
Michael Look,-13.855473998527682,1086.9796729527072
Yu Chang,-17.600273154259497,10754.013060102483
Ervand Gasparyan,-19.589860802728108,6264.76709799171
Ross Hutchins,-33.403959815478046,11302.007734894874
Maxime Janvier,9.4501261520943,2.5097692095144395
Maximilian Neuchrist,3.6467437116903696,4.435661265220297
Daniel Geib,-15.919324800158984,10754.013850477664
Michael Grant,5.782070466580192,12823.932283962778
Mikael Ymer,33.868902336923874,2674.5846413251993
Mousa Zayed,14.30283382471491,11081.615282323362
Marcel Ruzic,-55.74091335651996,18221.878697233995
Mikhail Biryukov,19.3078485234602,6142.975624062991
Stepan Khotulev,-0.5945477848644419,10893.971410251113
Mikhail Fufygin,21.371487020439066,10754.013171008784
Vaja Uzakov,-17.02642118652998,10754.013027942568
Mikhail Vaks,19.566068511077635,10754.012931614361
Vitaliy Kachanovskiy,NA,NA
Miki Jankovic,5.2191209412210675,12761.077702875487
Harel Levy,-15.793522978125441,10754.013017715693
Joachim Johansson,-15.793522978290822,10754.013018352545
Adrian Cruciat,-16.973732019742844,10754.013030890936
Gyorgy Balazs,-16.973732025453536,10754.01306153659
Mitchell Frank,3.479917165247031,2.275266309946053
Myles Orton,1.3474924686329006,11231.357464393948
Nicholas Naumann,19.56606851105161,10754.012931472425
Harry Fowler,NA,NA
Nicola Kuhn,22.96730844691768,4039.245812816323
Gonzalo Escobar,-15.475903092056445,6185.9159342275525
Nicolas Reissig,0.594714099773901,2.128818881338762
Steven Moneke,-18.922573293074304,7581.36702031842
Ruan Roelofse,-32.77862416671645,11032.187717863031
Nikolai Fidirko,20.427788100476413,10754.013135436535
Nikolaus Moser,5.180503417491042,12172.054486356947
Nino Serdarusic,21.204334478973884,5135.731047621136
Liang-Chi Huang,-13.969809390897824,10754.013081922329
Alan Nunez Aguilera,-13.969809390723187,10754.0130814245
Fernando Cabrera,-13.96980938453299,10754.013048039551
Nuno Deus,3.701126274776878,13015.463750002235
Oliver Anderson,22.642034440112177,5422.2030286541685
Oliver Golding,21.805975939659653,5888.852367582089
Olivier Sajous,19.123166197213656,5008.815787093515
Omar Jasika,22.68192386786687,4673.002181604251
Daniel Glancy,-16.358895339982045,10754.01306052315
Patrick Kypson,21.455836023620748,10754.01302651682
Patrik Brydolf,19.566068511067066,10754.012931554415
Juho Paukku,NA,NA
Paul Jubb,23.126621972341404,6477.50844997086
Thales Turini,-34.108555127990435,12247.4034003128
Matt Simpson,-17.473435611422012,10754.013078558803
Yaraslav Shyla,4.9743948160310385,2.324561404277859
Dmitry Surchenko,-13.033243506154168,10754.013052166834
Florent Diep,-13.771215271886382,5528.566690947113
Juan Pablo Varillas,14.110123160477642,11112.138103456155
Miguel Gallardo-Valles,-18.864418064028147,10754.013023900898
Lado Chikhladze,-16.45919178638434,10754.013069012415
Marc Sieber,-15.352852343958741,6184.8905019438735
Woong-Sun Jun,-33.02228717615969,4548.82188435615
Petros Chrysochos,22.80258420116938,10754.013093957386
Philip Lang,19.566068511071702,10754.012931581694
Adnan Al Mahmoud,NA,NA
Emmanuel Greff,-16.315376319116528,10754.013076975427
Flavio Saretta,-19.083358559466834,10754.013056719996
Mariusz Fyrstenberg,-18.99734647596809,10754.013066581108
Maximiliano Estevez,-16.023516591309537,10754.013059880275
Thomas Schoorel,3.9447444920852015,1.7890109283763989
Georgi Rumenov Payakov,-16.023516592872035,10754.013068460314
Jerome Inzerillo,-16.02351658518165,10754.013026893375
John-Paul Fruttero,-49.33198387085612,11286.88840237543
Pol Wattanakul,19.56606852048735,10754.012982207913
Mithun Murali,NA,NA
Karan Rastogi,-16.667476188042013,10754.013031034023
Pruchya Isarow,19.566068511072267,10754.012931584177
Kong Pop Lertchai,NA,NA
Punnakrit Kritakara,19.566068511089956,10754.012931677897
Hufu Wang,NA,NA
Andrey Yakovlev,-15.476136157397345,10754.013076758372
Jordan Kerr,-19.94472486054941,10754.013129744179
Rayane Roumane,30.73505670598837,10754.013193297591
Remi Boutillier,52.84364357865725,4058.422230950428
Sergio Galdos,-16.770088874504715,10754.013063962957
Martin Pedersen,-16.770088868490546,10754.013031571056
Rhett Purcell,NA,NA
Olivier Charroin,-20.19227341571561,10754.013119787556
Richard Becker,20.40236410681726,5737.998024474052
Guillermo Alcaide,-18.226397333978035,7197.134774469546
Richard Gabb,19.566068511070505,10754.01293157516
Neil Pauffley,NA,NA
Alex Kim,-21.34370566868705,10754.013056779064
Rinky Hijikata,22.68148725088612,10754.01307178897
Roberto Affonso Neto,19.566068511070913,10754.012931577263
Alexander Braun,NA,NA
Yannick Thivant,-15.4677333005324,10754.013063006718
Julien Maes,-17.320586131566625,10754.013065319647
Robin Kern,20.837584881250734,4812.565380803971
Roman Safiullin,19.910334266070677,10754.013028371024
Roman Vogeli,19.56606851110303,10754.012931752017
Martin Prikryl,NA,NA
Rudolf Molleker,26.16999023051961,2280.541070224902
Fabrizio Ornago,6.603921710001652,10993.164366904006
Marcin Matkowski,-16.674779403667305,10754.013018642838
Christopher Rungkat,-16.674779405134238,10754.013026686715
Ryan Nijboer,22.848674296068687,10754.01306818214
Nenad Zimonjic,-16.98093224989044,7391.982477093756
Yew-Ming Si,-19.449826197079155,10754.013109667747
Sandro Kopp,23.439857779604655,10754.013073376316
Sasi Kumar Mukund,3.695262568102045,11581.520072954663
Sebastian Korda,23.930775128183438,10754.013069100078
Martin Trueva,1.7686277905594947,12823.932213941607
Ben Mclachlan,1.7686277903653274,12823.93221499928
Rafael Matos,-13.776577092211525,10754.013090760698
Sebastian Sachs,20.271542386689774,10754.013065679459
Saar Steele,-18.293297195123298,10754.013076298399
Sergey Betov,-12.152474935117136,2601.4780314144004
Vladimir Uzhylovsky,-31.71854344747267,11064.198218377793
Sidharth Rawat,19.56606851107042,10754.012931573976
Vignesh Peranamallur-Chandrasekhar,NA,NA
Skander Mansouri,0.7782464970565405,15208.471031695135
Damon Gooch,-18.787822014025213,18626.496859465307
Jean-Julien Rojer,-18.259361949187404,7561.646599001347
Stanislav Poplavskyy,0.11624231389485791,15208.471063363397
Joe Cooper,-32.569525962078444,15208.471052893918
Mubarak Shannan Zayid,-14.460720586484044,10754.013020200628
Stephan Hoiss,38.64189547389474,6284.081072604413
Sebastian Rivera,-16.158216879935093,10754.01306315289
Antal Van Der Duim,-16.698825944606867,10754.013071091276
Strong Kirchheimer,21.157696805444047,10754.013106858803
Syed Mohd Agil Syed Naguib,19.56606851107238,10754.012931585554
Mohd Assri Merzuki,NA,NA
Sandor Noszaly,-18.027349839741625,10754.01308962696
Victor-Mugurel Anagnastopol,-55.002942968304644,15804.442462851299
Ty Trombetta,-14.424671081803446,10754.013069777606
Barkin Yalcinkale,-14.424671081574264,10754.01306848395
Albert Alcaraz Ivorra,-14.424671075172986,10754.013033777648
Marcos Vinicius Da Silva Dias,-16.018935659752145,10754.013070144103
Thiago Seyboth Wild,25.012435852311135,10754.013029896281
Bojan Szumanski,-17.128203106769455,10754.013073056098
Cecil Mamiit,-17.676301007455166,10754.013060162577
Tim Van Rijthoven,20.344315008198773,10754.013064023578
Tom Schonenberg,6.562611062514823,15208.471053290179
Tomas Lipovsek Puches,19.56606852048754,10754.012982208675
Fernando Romboli,NA,NA
Saso Bende,-20.347878323844395,10754.013173580564
Tomislav Draganja,19.56606851108037,10754.012931627349
Alexandr Kushakov,NA,NA
Roberto Cid,-12.429978156543454,10754.013078531227
Trent Bryde,19.890901075001857,10754.013140724148
Ugo Humbert,33.64656669282006,1925.8252211826775
Vasile-Alexandru Ghilea,-35.436874457890255,19116.202438797416
Vasile Antonescu,19.488044786419408,10754.013040315018
Vlad Victor Cornea,20.930065595221464,10754.013167513138
Warit Sornbutnark,19.566068511062358,10754.012931532141
Warut Korkiatthaworn,NA,NA
William Blumberg,21.771074817208717,10754.013074085344
Cheng-Peng Hsieh,-15.243189887987992,10754.013069520244
Nuttanon Kadchapanan,-16.305604439365688,10754.01307430348
Yuuya Kibi,19.696100975256574,10754.01303901476
Zihao Xia,20.596513064131614,10754.013044263218
Zsombor Piros,22.44993021826948,10754.013064874462
