Parameter,Mean,Median,HPD_lower,HPD_higher,q_lower,q_higher,Rhat,n_eff
lambda[1],1.3907905102383333,1.386955,0.58611,2.23481,0.5845194000000002,2.23457125,1.0020693, 1279.945
lambda[2],0.8902414728025,0.8859445,0.0651589,1.73467,0.05748863500000009,1.7274607499999999,1.0015307, 1321.441
lambda[3],1.313609642556,1.3102299999999998,0.492022,2.13736,0.501458075,2.14955075,1.0021343, 1329.665
lambda[4],2.33678859525,2.33169,1.53141,3.15792,1.517435,3.1482372499999998,1.0025870, 1329.166
lambda[5],0.7556857469215167,0.7527225,-0.0680233,1.57608,-0.06643796249999985,1.5792267499999995,1.0019640, 1333.598
lambda[6],1.2678264995166666,1.2624900000000001,0.4285,2.092,0.44549730000000093,2.11293675,1.0020766, 1289.130
lambda[7],1.2368414080491668,1.238495,0.398879,2.04479,0.41948277500000014,2.0660019999999997,1.0020574, 1341.259
lambda[8],2.5736486385833333,2.57179,1.76923,3.4686,1.7314820000000004,3.4354217499999997,1.0015647, 1385.442
lambda[9],2.9502603583333333,2.94745,2.13827,3.8182,2.1236347500000003,3.80757025,1.0014432, 1367.309
lambda[10],-0.45438578204364083,-0.4622455,-1.3553,0.376315,-1.3177449999999997,0.41889347499999946,1.0010268, 1408.991
lambda[11],0.59557816172755,0.5947365,-0.240001,1.39629,-0.21922767499999998,1.42324075,1.0016631, 1360.397
lambda[12],0.14883726500858332,0.1446055,-0.697074,0.96042,-0.6792694249999999,0.9832890499999997,1.0017637, 1327.830
lambda[13],0.47012863363029167,0.4696865,-0.364559,1.28973,-0.3563905749999996,1.3040822499999996,1.0018385, 1335.691
lambda[14],-0.37388204578658335,-0.3739565,-1.26186,0.559832,-1.280816,0.5452960249999999,1.0011086, 1615.422
lambda[15],0.43268414957353335,0.4358745,-0.373152,1.26686,-0.39558319999999975,1.2468812499999997,1.0016211, 1284.704
lambda[16],0.9898421079166834,0.983147,0.135624,1.81964,0.14176307500000013,1.827424,1.0023083, 1348.072
lambda[17],0.007734441469291666,0.0069034249999999995,-0.825452,0.827889,-0.8156675999999999,0.8402342499999998,1.0017541, 1301.067
lambda[18],-0.72124675136475,-0.7172155,-1.59263,0.167737,-1.6144152499999997,0.1535444249999997,1.0009836, 1573.534
lambda[19],1.0837658713658334,1.085025,0.280036,1.94396,0.24766535,1.9135319999999993,1.0019322, 1320.304
lambda[20],-0.22214436100788335,-0.226245,-1.0209,0.629286,-1.054076249999999,0.6043939749999999,1.0018610, 1335.493
lambda[21],0.44132154520623,0.4407135,-0.35199,1.28272,-0.3750201999999999,1.2635189999999998,1.0023302, 1267.613
lambda[22],0.8235153859331666,0.821677,0.0264106,1.65916,0.017381780000000232,1.6516425,1.0020797, 1317.599
lambda[23],-0.24404096734178332,-0.24481550000000002,-1.11628,0.604451,-1.1027917499999997,0.6226673749999998,1.0018831, 1404.347
lambda[24],0.25613690342748335,0.2554065,-0.58046,1.09276,-0.5751744499999998,1.0997582499999998,1.0019744, 1328.753
lambda[25],0.7860769631079166,0.7854355,-0.038944,1.62453,-0.047479204999999705,1.6189264999999997,1.0017286, 1361.459
lambda[26],-0.4730680084140392,-0.46526,-1.38786,0.485778,-1.41790125,0.45956614999999984,1.0007809, 1690.791
lambda[27],-0.15944876389103332,-0.1603735,-0.967072,0.688534,-0.978931425,0.6786996999999998,1.0015855, 1344.969
lambda[28],0.9825061852458333,0.979764,0.172136,1.81859,0.16191060000000002,1.8108152499999994,1.0019523, 1356.099
lambda[29],-0.079085907362,-0.07985065,-0.903667,0.822598,-0.9453580499999997,0.7906136249999995,1.0014162, 1436.507
lambda[30],0.7756905216781667,0.779038,-0.0374495,1.60437,-0.04361059249999985,1.5986302499999998,1.0017651, 1289.152
lambda[31],-0.5565040935423333,-0.54894,-1.61942,0.512084,-1.6459197499999996,0.48909242499999994,1.0008988, 2099.606
lambda[32],0.19577887295424168,0.1887235,-0.653627,1.12616,-0.6844028499999996,1.09946975,1.0016497, 1523.233
lambda[33],-0.11456417978733334,-0.1174615,-0.940779,0.76167,-0.9465606999999996,0.7569801999999999,1.0016203, 1457.105
lambda[34],-0.6012415693045833,-0.5979585,-1.48514,0.268916,-1.4699712500000002,0.2914716499999998,1.0013172, 1487.533
lambda[35],-0.12033276069675017,-0.121999,-1.08534,0.835872,-1.085203,0.8359262249999999,1.0008574, 1799.717
lambda[36],-0.056718395991833336,-0.0621295,-0.915928,0.869961,-0.9497386000000001,0.8479766749999996,1.0013392, 1541.210
lambda[37],0.0012581588878500009,5.332269999999999e-4,-0.880896,0.943161,-0.9012565999999996,0.9320670999999999,1.0017635, 1562.557
lambda[38],-0.54516547924875,-0.5401549999999999,-1.7483,0.615756,-1.747949,0.6158117499999991,1.0009554, 2703.364
lambda[39],0.5004315429191083,0.492475,-0.370458,1.37147,-0.363396475,1.3808417499999999,1.0016525, 1494.612
lambda[40],-1.6080396808548334,-1.59462,-2.90619,-0.341436,-2.9328947499999996,-0.3657545500000003,1.0002668, 3014.178
lambda[41],0.06628328098604083,0.0667258,-0.777532,0.89452,-0.774345,0.9027958499999996,1.0022685, 1312.588
lambda[42],-0.1408025972618,-0.1381675,-1.03144,0.740546,-1.0336104999999998,0.7391560249999999,1.0010839, 1507.318
lambda[43],1.3084480006441668,1.30671,0.466891,2.15553,0.46926075000000006,2.1607145,1.0024388, 1338.954
lambda[44],-1.0752557259775,-1.070185,-2.05659,-0.0432332,-2.1006534999999995,-0.07204005500000046,1.0007535, 1931.117
lambda[45],0.9587298255770833,0.9603325,0.0832193,1.80018,0.09628324250000016,1.8167544999999998,1.0012310, 1397.122
lambda[46],0.46250447647416665,0.46176249999999996,-0.492048,1.40412,-0.4741395499999996,1.42256075,1.0014898, 1735.020
lambda[47],-0.6434421501593334,-0.6442825000000001,-1.56581,0.227677,-1.5441155,0.25430374999999994,1.0016145, 1559.052
lambda[48],0.61343649161975,0.585373,-1.34929,2.84731,-1.422517749999999,2.797570249999998,1.0000225, 8136.712
lambda[49],-0.0936757135638,-0.092138,-1.10846,0.927631,-1.1079,0.9291712499999996,1.0012399, 2003.829
lambda[50],0.022449907104925,0.0225743,-0.864473,0.842084,-0.8359244749999999,0.8745418499999998,1.0017349, 1389.010
lambda[51],0.26112061681354165,0.2537925,-0.592808,1.13022,-0.5924297499999999,1.1319687499999997,1.0016945, 1400.664
lambda[52],1.4814677001666667,1.47927,0.658262,2.32565,0.640151225,2.3080244999999997,1.0021660, 1355.705
lambda[53],0.09244535605134167,0.09604835,-0.763386,1.06672,-0.8240888999999999,1.0134105,1.0012733, 1701.916
lambda[54],-0.25777578966710835,-0.25314349999999997,-1.1988,0.668697,-1.20281925,0.6664188499999998,1.0015520, 1682.086
lambda[55],0.6581378126425417,0.6549335000000001,-0.195834,1.51383,-0.19495454999999975,1.5138634999999994,1.0010992, 1424.622
lambda[56],-0.026461302418066667,-0.02339405,-0.890107,0.89545,-0.9172251750000001,0.8741737999999992,1.0015679, 1599.887
lambda[57],0.2942369541125417,0.300149,-0.581342,1.16396,-0.5750437249999999,1.1740789999999997,1.0013321, 1466.553
lambda[58],-0.5188877605625,-0.519416,-1.74186,0.707526,-1.7469679999999999,0.70291005,1.0004001, 2830.914
lambda[59],-0.6432333751697666,-0.6429959999999999,-1.60429,0.293772,-1.603824,0.29793479999999956,1.0014822, 1730.032
lambda[60],0.5890836997968333,0.5834250000000001,-0.315195,1.52556,-0.33680922499999993,1.512359,1.0014173, 1656.747
lambda[61],-0.024618414537399335,-0.01696525,-1.03665,0.986859,-1.0516077499999996,0.9724567749999999,1.0011224, 2003.724
lambda[62],-0.36291782073294165,-0.358525,-1.41654,0.675372,-1.3996857499999997,0.7029052499999997,1.0010750, 2108.062
lambda[63],-0.90045171827875,-0.8960785,-2.02955,0.11018,-1.9763037499999994,0.1675070999999995,1.0011195, 2172.561
lambda[64],-0.058037423454821664,-0.0486182,-1.52309,1.40367,-1.522934,1.4037179999999991,1.0004751, 4034.379
lambda[65],-1.1498358352558333,-1.147185,-2.18069,-0.136135,-2.1807167499999993,-0.13701737500000033,1.0009089, 2082.735
lambda[66],-1.217871773656,-1.181475,-3.06523,0.501501,-3.11731425,0.46405359999999996,1.0004132, 5910.663
lambda[67],-0.8189511694093333,-0.8128325000000001,-1.98448,0.439401,-2.03782425,0.38743205,1.0005484, 2725.433
lambda[68],1.1320550388776667,1.1204749999999999,0.243914,2.0214,0.2514816250000001,2.0304902499999997,1.0016899, 1588.225
lambda[69],-0.4919273590683,-0.489857,-1.48073,0.462417,-1.4782327499999999,0.46539619999999937,1.0010412, 1695.352
lambda[70],-0.6727503835335892,-0.668092,-1.8836,0.56424,-1.9130724999999997,0.5411942249999999,1.0002986, 2979.725
lambda[71],-1.2450744187383334,-1.23962,-2.42929,-0.136102,-2.40819325,-0.10950852500000047,1.0009097, 2666.074
lambda[72],0.6858323744865833,0.6849535,-0.262116,1.56901,-0.22302577499999995,1.6131667499999998,1.0013609, 1581.122
lambda[73],-1.381710107485,-1.3727399999999998,-2.65408,-0.0541599,-2.7014112499999996,-0.09078603750000022,1.0006014, 3185.766
lambda[74],-0.7660836697646,-0.7642340000000001,-1.83499,0.216672,-1.805436,0.252340075,1.0011682, 1988.752
lambda[75],-1.2549420340765,-1.257515,-2.44024,-0.0385798,-2.4772457499999994,-0.066946265,1.0007501, 2757.544
lambda[76],-0.5364587558174166,-0.538223,-1.59579,0.514011,-1.5954115,0.5158968499999995,1.0011196, 2029.904
lambda[77],-0.3656081681078333,-0.36667150000000004,-1.50113,0.793224,-1.5308207500000002,0.775924675,1.0006255, 2449.927
lambda[78],-0.32785984692311665,-0.319356,-1.82168,1.16667,-1.8350454999999999,1.1608539999999992,1.0002912, 4171.603
lambda[79],0.32760292289486664,0.3323835,-0.704879,1.29335,-0.6646659999999994,1.3402202499999998,1.0014094, 1945.467
lambda[80],-0.5607832451909175,-0.5493215,-1.60774,0.498965,-1.6264475,0.4877450999999996,1.0006169, 1943.863
lambda[81],-1.8037810029974832,-1.7409750000000002,-4.31257,0.461884,-4.352638,0.430550725,1.0004061,10282.030
lambda[82],-0.443223381247275,-0.4411585,-1.53336,0.7138,-1.58271425,0.6708111249999997,1.0006378, 2283.186
lambda[83],-0.6406894350664083,-0.6390045,-1.7601,0.583494,-1.83676175,0.5120176249999994,1.0006664, 2442.341
lambda[84],-1.9222339892309916,-1.8753950000000001,-3.73429,-0.205815,-3.8303067499999996,-0.25959352500000077,1.0004564, 5857.496
lambda[85],-0.8932891824955916,-0.8599399999999999,-2.52868,0.656696,-2.5455492499999997,0.6425569999999993,1.0005508, 4221.881
lambda[86],-0.21392993431555,-0.22088000000000002,-3.22946,2.84485,-3.2500709999999997,2.84119675,1.0006872,18029.171
lambda[87],-2.1100118959216667,-1.96485,-6.53,2.09325,-6.7572410000000005,1.874268999999999,1.0011463,23159.651
lambda[88],-2.4437991767110083,-2.3108000000000004,-6.82915,1.86041,-7.127718249999998,1.58661625,1.0000603,24183.581
"U1[1,1]",0.10132951842169667,0.09017375,-1.42739,1.60447,-1.42434925,1.609299999999999,0.9999399,21532.708
"U1[2,1]",-0.20412796048338333,-0.206507,-1.80141,1.30584,-1.7602134999999999,1.3566462499999994,1.0002623,21311.867
"U1[3,1]",-0.11453525364728333,-0.1143715,-1.64884,1.36344,-1.63805625,1.3780167499999998,1.0001127,20422.254
"U1[4,1]",0.5860262033379167,0.588506,-0.865522,2.17543,-0.9434201249999999,2.1065752499999997,1.0005604,19824.738
"U1[5,1]",0.30989206614233333,0.31858600000000004,-1.29525,1.77369,-1.2237875,1.856809,1.0000333,21964.727
"U1[6,1]",-0.221690021448,-0.2208925,-1.76452,1.33343,-1.7851257499999997,1.3237529999999997,1.0000990,21761.066
"U1[7,1]",-0.46223905585169167,-0.4624705,-1.96254,1.07228,-1.9854474999999998,1.05997775,1.0003200,22407.853
"U1[8,1]",-0.7060727701764167,-0.6969855,-2.35719,0.850648,-2.3115824999999997,0.9025087499999999,1.0003548,21359.360
"U1[9,1]",-0.009243235410991667,-0.01104755,-1.55575,1.58166,-1.597561,1.54720475,1.0001677,20886.396
"U1[10,1]",-0.30518802557613334,-0.30973649999999997,-1.93573,1.27677,-1.8982184999999998,1.3282454999999995,1.0003781,21935.840
"U1[11,1]",-0.52618894572,-0.528343,-2.06402,1.05759,-2.077731,1.0490197499999996,1.0000809,20528.145
"U1[12,1]",0.0248187166736,0.020098150000000002,-1.51041,1.56679,-1.5172665,1.5622287499999992,1.0002848,22181.386
"U1[13,1]",-0.4631079472775,-0.4585815,-1.98023,1.07342,-1.9899844999999998,1.0651647499999994,0.9999947,23144.192
"U1[14,1]",-0.64098900402,-0.6384855,-2.27375,1.12869,-2.365439499999999,1.050544749999998,0.9999332,24753.697
"U1[15,1]",-0.5599422761868833,-0.557558,-2.05664,0.945946,-2.0511619999999997,0.9537960999999997,1.0000012,21247.851
"U1[16,1]",0.5171310089297975,0.519231,-1.09865,2.06227,-1.0474439999999998,2.1217584999999994,1.0007333,22126.626
"U1[17,1]",0.21138280228025,0.222294,-1.22772,1.80817,-1.31093,1.7376579999999997,1.0005104,21395.100
"U1[18,1]",-0.9362321816951666,-0.9452160000000001,-2.59308,0.801428,-2.62457925,0.7762043999999988,0.9999213,22752.228
"U1[19,1]",-4.518116701333344e-4,0.0048644,-1.60497,1.51183,-1.5711729999999997,1.551964,1.0009663,22272.467
"U1[20,1]",-0.678154694175575,-0.677738,-2.2126,0.853479,-2.2126702499999995,0.8514314999999992,1.0000788,21745.115
"U1[21,1]",-0.13109312687408334,-0.1355765,-1.60334,1.37502,-1.639832,1.3544984999999996,0.9999332,21188.464
"U1[22,1]",-0.010432629363891667,-0.012476600000000001,-1.5396,1.46539,-1.5285285,1.4861007499999996,0.9999757,22066.946
"U1[23,1]",0.11118821474541667,0.1079245,-1.51047,1.71142,-1.4902099999999996,1.7383149999999998,1.0006811,24954.864
"U1[24,1]",-0.3095002754520833,-0.312942,-1.88456,1.23664,-1.87503175,1.2534197499999997,1.0014108,21904.891
"U1[25,1]",0.5001641485360834,0.502386,-1.02643,2.07125,-1.0518597499999995,2.0512439999999996,0.9999880,23255.781
"U1[26,1]",0.21109370324108334,0.20879999999999999,-1.47203,1.92438,-1.4852179999999997,1.9171012500000002,1.0001692,23860.062
"U1[27,1]",-0.32613002223165,-0.32313000000000003,-1.88495,1.21617,-1.8678229999999985,1.238051249999999,0.9999574,21934.385
"U1[28,1]",-0.051247900822966666,-0.060403899999999996,-1.54274,1.49988,-1.5743267499999993,1.4801394999999995,1.0004800,21609.798
"U1[29,1]",0.10650690143069166,0.10641600000000001,-1.44588,1.78983,-1.5413795,1.7123624999999998,0.9998355,25261.265
"U1[30,1]",0.33390385363308334,0.3343795,-1.14089,1.89593,-1.1822804999999996,1.86699475,1.0000675,22075.961
"U1[31,1]",-0.2590073658085,-0.2537285,-2.0089,1.53361,-2.04344075,1.5148709999999999,1.0000670,25503.862
"U1[32,1]",-0.709168165499,-0.7099154999999999,-2.42696,0.975502,-2.4014017500000002,1.0124627499999996,1.0005634,23835.119
"U1[33,1]",0.12492890924216667,0.13102999999999998,-1.56566,1.67389,-1.5041034999999998,1.7385404999999994,1.0001945,22960.796
"U1[34,1]",0.5220605368406167,0.5216685,-1.1041,2.17549,-1.141813249999999,2.1512414999999994,1.0011575,25623.321
"U1[35,1]",0.169299501244325,0.16837950000000002,-1.63115,1.91693,-1.5882019999999992,1.9647834999999991,1.0003352,26659.762
"U1[36,1]",0.1588892156285,0.16518349999999998,-1.56474,1.79209,-1.5296417499999995,1.8402387499999997,0.9999922,24594.273
"U1[37,1]",0.28575359369625,0.2803275,-1.34855,2.05139,-1.4225025,2.00197525,0.9999568,23620.975
"U1[38,1]",0.37470099385364164,0.375321,-1.49503,2.28247,-1.5218357499999997,2.2651229999999996,1.0002508,23089.504
"U1[39,1]",0.072749636931,0.0696469,-1.53645,1.73738,-1.5696797499999993,1.7154939999999994,1.0004299,23724.719
"U1[40,1]",0.31222139360715,0.3132515,-1.4983900000000001,2.18833,-1.5453564999999998,2.150847999999998,1.0000121,24178.747
"U1[41,1]",0.401971124345175,0.403131,-1.12583,2.01918,-1.1931829999999999,1.9606274999999997,1.0000591,24584.361
"U1[42,1]",-0.6117076951968333,-0.6204555,-2.25974,1.03729,-2.2319055,1.0797649999999994,1.0003470,24532.192
"U1[43,1]",-1.2318968791022167,-1.222485,-2.85014,0.268443,-2.8105010000000004,0.3239530499999999,1.0007243,21282.367
"U1[44,1]",-0.09567562630324167,-0.09476155,-1.95467,1.70552,-1.9314982499999998,1.7363687499999998,1.0006060,26510.721
"U1[45,1]",0.2013094315380736,0.2043615,-1.32318,1.89709,-1.40270075,1.8255977499999991,1.0003477,22706.000
"U1[46,1]",-0.12271958594275,-0.10641300000000001,-1.80829,1.63635,-1.8241859999999999,1.6223134999999997,1.0004482,23123.333
"U1[47,1]",0.5863950840535,0.5827645,-1.09939,2.24684,-1.0882919999999998,2.2660589999999994,1.0006848,24774.452
"U1[48,1]",0.020253579015435,0.02069245,-1.97215,1.99339,-1.9722294999999992,1.9925222499999997,1.0005201,27442.426
"U1[49,1]",0.205831196046825,0.2081405,-1.71301,1.9954,-1.6319919999999997,2.090848249999999,0.9999539,24998.324
"U1[50,1]",0.6439302387126833,0.642969,-0.92889,2.26184,-0.9420425749999998,2.2566807499999997,1.0001633,23437.911
"U1[51,1]",0.4341097257684333,0.427542,-1.11292,2.0805,-1.1365764999999999,2.0663757499999997,1.0002212,23645.426
"U1[52,1]",-0.5181929085881667,-0.5106695,-2.04321,1.10861,-2.0955497500000004,1.0621584999999998,0.9999381,21862.444
"U1[53,1]",0.5083855274476416,0.5116959999999999,-1.18722,2.27636,-1.2150372499999997,2.252317249999999,1.0001011,25426.619
"U1[54,1]",0.403752743780425,0.3946545,-1.37847,2.09648,-1.3290819999999997,2.1659824999999997,1.0006714,25934.913
"U1[55,1]",1.1377669281701666,1.131505,-0.421471,2.72612,-0.4188275749999998,2.729074249999999,0.9999700,24518.208
"U1[56,1]",0.24144805485741666,0.2286805,-1.41089,1.95392,-1.4377539999999998,1.93792075,1.0001778,23118.641
"U1[57,1]",0.3574011191961667,0.355753,-1.21799,2.03195,-1.2652434999999997,1.9903694999999997,1.0001667,23789.581
"U1[58,1]",0.30270731606341666,0.29529700000000003,-1.53884,2.16048,-1.5640104999999995,2.1515874999999998,0.9998947,21558.318
"U1[59,1]",0.05250463197335,0.0601856,-1.66657,1.85599,-1.72605375,1.808862,1.0005000,23830.845
"U1[60,1]",0.34718290744,0.34037850000000003,-1.3432,2.05863,-1.3828952499999998,2.037573,1.0004930,23297.601
"U1[61,1]",0.7983629924575933,0.8066599999999999,-0.98739,2.63287,-1.0170497499999993,2.6128484999999997,1.0004754,25332.336
"U1[62,1]",0.07579449674655833,0.07692675,-1.7446,1.88054,-1.73148525,1.904835249999999,1.0003582,26930.627
"U1[63,1]",-0.3301435576224883,-0.33674099999999996,-2.14265,1.48661,-2.126863,1.5055844999999999,1.0003409,28854.060
"U1[64,1]",0.09422068438190834,0.1028525,-1.80662,2.03818,-1.8544822499999989,2.00640125,1.0003934,30207.327
"U1[65,1]",-0.80370494576625,-0.805436,-2.5848,1.03898,-2.6152159999999998,1.0247277499999996,1.0003067,23964.946
"U1[66,1]",-0.11132828325141667,-0.1116485,-2.04637,1.85792,-2.0727607499999996,1.8376734999999986,0.9999265,28746.966
"U1[67,1]",0.3361953416967667,0.328915,-1.53798,2.19306,-1.5251487499999998,2.21504,1.0012806,26221.452
"U1[68,1]",-0.10717469380484167,-0.101109,-1.87308,1.52123,-1.8013542499999988,1.5918174999999992,1.0002982,25707.631
"U1[69,1]",0.621436921977525,0.620235,-1.10288,2.33472,-1.0819179999999986,2.3588102499999972,1.0004728,24023.756
"U1[70,1]",0.22203587136743333,0.210829,-1.7023,2.01214,-1.6447022499999997,2.089560999999999,1.0000435,24136.254
"U1[71,1]",0.14235345349953332,0.1350475,-1.74713,2.00946,-1.7379382499999996,2.022902749999999,1.0005020,24820.934
"U1[72,1]",-0.5873928308914167,-0.5767595,-2.32577,1.0878,-2.30230325,1.1275259999999998,1.0007645,26171.013
"U1[73,1]",-0.33106104659724167,-0.33033100000000004,-2.19445,1.60186,-2.2171974999999997,1.583635249999999,1.0007333,27138.649
"U1[74,1]",-0.05239874704058333,-0.049516550000000006,-1.77284,1.77306,-1.843754,1.7220774999999997,1.0003324,24857.069
"U1[75,1]",0.14158437214716665,0.145703,-1.69733,1.97474,-1.6965894999999998,1.97700175,1.0001696,23847.255
"U1[76,1]",-1.0713299680201667,-1.076595,-2.95368,0.717813,-2.9142397499999992,0.7580898499999991,1.0000723,23094.207
"U1[77,1]",0.088363837809175,0.0883548,-1.66949,1.88391,-1.6962154999999999,1.863396,1.0000957,25916.919
"U1[78,1]",-0.05948673727865,-0.052312349999999994,-2.01093,1.80639,-1.9768469999999996,1.8498834999999996,1.0003636,26660.926
"U1[79,1]",0.06193279053375,0.0615059,-1.74605,1.76714,-1.7117462499999994,1.8122535,1.0009763,25137.654
"U1[80,1]",0.23294808367825,0.23504,-1.54443,1.99492,-1.5329094999999995,2.018656,0.9999825,25823.443
"U1[81,1]",-0.08840142973823334,-0.09438905,-2.10599,1.75236,-2.0434007499999995,1.8453179999999987,1.0000898,30007.234
"U1[82,1]",-0.41314540416175,-0.4225985,-2.25123,1.4636,-2.2646489999999986,1.45584625,1.0000790,25970.514
"U1[83,1]",0.4150838011971583,0.4212285,-1.34292,2.29678,-1.4230259999999995,2.23142125,1.0001520,23826.366
"U1[84,1]",0.09094307631375,0.0981268,-1.73977,2.08433,-1.83956125,2.0036917499999998,1.0003927,27569.941
"U1[85,1]",0.07691923198432667,0.0755237,-1.86808,1.964,-1.8409112499999993,2.0003874999999995,1.0002478,25545.342
"U1[86,1]",-0.006728339307975001,0.00625793,-1.99913,1.83373,-1.9384334999999997,1.9014562499999996,1.0004195,30469.534
"U1[87,1]",-0.07541669331059167,-0.0847134,-1.97641,1.86475,-1.9906322499999987,1.852602749999999,1.0004037,30614.821
"U1[88,1]",0.004570731568741667,8.710055e-4,-1.98036,2.04523,-1.9873275,2.0398525,1.0009337,31215.927
"U1[1,2]",0.2513103990774083,0.252788,-1.30056,1.85974,-1.324584999999999,1.8422769999999995,1.0000786,21263.332
"U1[2,2]",-0.0028922651711916674,-0.007084275,-1.71555,1.56978,-1.64124125,1.6462722499999987,1.0003073,23407.356
"U1[3,2]",0.6921321062941667,0.696359,-0.938112,2.19928,-0.8718892999999992,2.2880222499999996,0.9998711,21029.260
"U1[4,2]",-0.9814333912773167,-0.9792620000000001,-2.56765,0.661667,-2.6004427499999996,0.6376216499999996,1.0000296,20541.883
"U1[5,2]",-0.38018035185135834,-0.3906305,-1.98925,1.23957,-1.9714497499999992,1.268193,1.0000054,23761.918
"U1[6,2]",-0.3322314927346667,-0.3315975,-1.89803,1.25874,-1.9328542499999997,1.233259499999999,1.0000940,22957.900
"U1[7,2]",-0.514858224800845,-0.51193,-2.081,1.12216,-2.1215369999999996,1.0891667499999997,1.0001812,23365.550
"U1[8,2]",1.2370059237731668,1.23883,-0.33351,2.78773,-0.33107422499999994,2.7936839999999994,1.0007817,20642.656
"U1[9,2]",-0.5046200678980083,-0.501393,-2.07851,1.10686,-2.0902135,1.096095999999999,1.0002259,23333.047
"U1[10,2]",0.6022107534641883,0.6051059999999999,-0.99988,2.2394,-1.036931,2.2152629999999998,1.0005142,24004.736
"U1[11,2]",0.97040712047367506,0.9664185000000001,-0.536424,2.52952,-0.5618723999999998,2.51513075,1.0000878,19181.695
"U1[12,2]",-0.15683135452766667,-0.153901,-1.75455,1.41719,-1.74529375,1.435704749999999,1.0004416,21076.902
"U1[13,2]",-0.5234196065311667,-0.5251935,-2.19552,1.20396,-2.213933749999999,1.193988999999999,1.0002644,29163.871
"U1[14,2]",0.9576686286029167,0.9514435,-0.712926,2.59225,-0.6892963749999995,2.6314215,1.0000009,21875.992
"U1[15,2]",-0.3460017019185,-0.338487,-1.94296,1.28331,-1.9477924999999998,1.2803792499999993,1.0007711,26225.025
"U1[16,2]",0.10749954681483333,0.0975077,-1.48683,1.76548,-1.5209374999999996,1.74122425,1.0002921,23051.734
"U1[17,2]",0.06437701581066667,0.056275,-1.48266,1.65752,-1.5059377499999986,1.6335827499999993,1.0001622,24135.974
"U1[18,2]",1.4408567695866668,1.4412099999999999,-0.150015,3.09406,-0.18538804999999994,3.0699144999999994,1.0004010,21847.946
"U1[19,2]",-0.5391400270675,-0.5410195,-2.203,1.10071,-2.19562075,1.1137267499999999,1.0002078,24734.920
"U1[20,2]",0.8007443129544166,0.8043089999999999,-0.698048,2.36025,-0.737116025,2.323986999999999,1.0005242,22684.729
"U1[21,2]",0.19167765250666666,0.19386799999999998,-1.39961,1.7349,-1.3880569999999999,1.7589214999999991,1.0001334,22119.866
"U1[22,2]",-0.26462000930844165,-0.263732,-1.85005,1.35067,-1.8520609999999997,1.348779,1.0004097,24001.419
"U1[23,2]",-0.118238618147,-0.11866,-1.83176,1.51903,-1.7915919999999996,1.5785527499999998,1.0003968,22848.304
"U1[24,2]",-0.0826008036556425,-0.07704625,-1.77237,1.55311,-1.742676,1.5955955,1.0005355,24928.496
"U1[25,2]",-0.45625485569308333,-0.4562965,-2.18678,1.12274,-2.1163849999999993,1.2153122499999998,1.0000731,23481.199
"U1[26,2]",-0.6325850175618833,-0.6310290000000001,-2.47608,1.22957,-2.492229,1.2233082499999997,1.0008236,27656.218
"U1[27,2]",-0.66367934940895,-0.665475,-2.31345,0.982683,-2.3231839999999995,0.9755243499999999,1.0001042,26199.340
"U1[28,2]",-0.5362205385312167,-0.532673,-2.14545,1.00327,-2.12809825,1.0338312499999986,1.0001108,21310.968
"U1[29,2]",-0.39482570739106665,-0.398158,-2.10495,1.23154,-2.0579799999999997,1.2936842499999996,1.0004605,24136.206
"U1[30,2]",-0.2597408917083333,-0.256196,-1.92013,1.27756,-1.8753914999999999,1.33807825,0.9998239,20832.349
"U1[31,2]",0.16174870789741666,0.156811,-1.71869,2.01162,-1.719671999999999,2.0102244999999996,1.0000560,25768.697
"U1[32,2]",0.24642376871286667,0.24277949999999998,-1.42819,1.88095,-1.4115315,1.9095134999999992,1.0012880,26018.706
"U1[33,2]",0.21907192154604832,0.2226215,-1.43591,1.93302,-1.4753412499999994,1.9044592499999997,0.9999928,24172.087
"U1[34,2]",-0.26541982015233334,-0.260283,-1.8832,1.45931,-1.9579754999999999,1.3867129999999994,1.0001357,25078.888
"U1[35,2]",-0.49470834486758336,-0.4881355,-2.40391,1.27923,-2.339453,1.3535324999999991,1.0003903,26495.124
"U1[36,2]",-0.14938572075341666,-0.1493735,-1.86631,1.5054,-1.8261865,1.5525062499999998,1.0003919,24693.654
"U1[37,2]",0.3129322192743083,0.3145565,-1.36788,2.10462,-1.4381717499999995,2.0392105,1.0005540,22240.923
"U1[38,2]",-0.21820706811011667,-0.221969,-2.06834,1.72204,-2.104873499999999,1.6887992499999998,1.0007824,28381.478
"U1[39,2]",-0.33397172618421667,-0.327414,-2.08489,1.32963,-2.0572122499999996,1.3640232499999991,1.0007206,25755.511
"U1[40,2]",-0.51033329353435,-0.510647,-2.34185,1.39639,-2.380079249999999,1.3639407499999994,1.0006792,28118.795
"U1[41,2]",0.2725851243711,0.28529499999999997,-1.25147,1.92558,-1.34333225,1.8485467499999997,1.0004387,22626.728
"U1[42,2]",0.10872542629835834,0.10907900000000001,-1.50836,1.76943,-1.5705205,1.7133024999999986,1.0002581,24678.895
"U1[43,2]",1.65365568612425,1.6570749999999999,0.0408554,3.20965,0.07518954750000006,3.248283249999999,1.0006370,20318.567
"U1[44,2]",0.36253042151514164,0.353616,-1.44896,2.12797,-1.4324009999999998,2.1567702499999997,1.0001273,25829.358
"U1[45,2]",-0.29270319933141664,-0.292002,-2.02048,1.38445,-1.9847857499999997,1.43501225,1.0004835,25242.190
"U1[46,2]",0.27570798042216665,0.2613415,-1.45833,2.09442,-1.5099922499999983,2.0550822499999994,1.0011135,26734.011
"U1[47,2]",-0.20361345212330834,-0.2063025,-1.84359,1.5402,-1.898801,1.5009357499999998,1.0000956,25100.532
"U1[48,2]",-0.003594942983008334,8.97836e-4,-1.93548,1.91651,-1.9262202499999999,1.9316064999999996,1.0003417,28087.932
"U1[49,2]",-0.15490790310454167,-0.1554645,-2.02102,1.75807,-2.04611725,1.7501127499999998,1.0000033,26999.144
"U1[50,2]",-0.584803664949875,-0.57942,-2.21995,1.02657,-2.208346,1.0508817499999996,1.0005306,24335.097
"U1[51,2]",-0.45880629330603334,-0.4581975,-2.05392,1.18585,-2.08378675,1.164639249999999,1.0002851,24169.589
"U1[52,2]",0.7145709510518333,0.7175104999999999,-0.855702,2.35592,-0.8699963499999999,2.3464427499999996,1.0004112,21758.887
"U1[53,2]",-0.3291891430011167,-0.328298,-2.09204,1.39856,-2.07207975,1.4283514999999998,1.0002998,27445.212
"U1[54,2]",0.06611980664675,0.07440035,-1.72477,1.84424,-1.7357049999999998,1.8410509999999998,1.0003861,25406.442
"U1[55,2]",-0.6100125738403334,-0.6105674999999999,-2.25685,1.17983,-2.3250094999999997,1.1327507499999996,1.0002632,26819.177
"U1[56,2]",-0.11711123623191666,-0.10987849999999999,-1.80572,1.66067,-1.8485942499999997,1.6280312499999998,1.0004286,29177.243
"U1[57,2]",0.23582550258942425,0.2420065,-1.44912,1.95163,-1.4660479999999996,1.9425232499999991,1.0000694,25449.295
"U1[58,2]",-0.024693923023488332,-0.0232545,-1.98693,1.83991,-1.9440404999999998,1.8852527499999996,1.0006016,28464.220
"U1[59,2]",0.21136685285706666,0.21306,-1.61672,2.08036,-1.6503214999999996,2.0587474999999995,1.0003412,26046.238
"U1[60,2]",-0.28578779865365,-0.2875185,-2.06291,1.50601,-2.0658062499999996,1.5021002499999991,1.0002046,26679.531
"U1[61,2]",-0.5799395144711084,-0.5886279999999999,-2.44253,1.27865,-2.4297505,1.30194025,0.9999997,27073.575
"U1[62,2]",-0.033827916700833335,-0.0237851,-2.0204,1.79774,-1.9795377499999998,1.8562104999999998,1.0001406,28630.189
"U1[63,2]",0.3435400361632,0.3397345,-1.43734,2.15043,-1.4364022499999998,2.15623125,1.0001625,26155.490
"U1[64,2]",0.0096734734784,0.00793887,-1.993,1.82765,-1.916623,1.9126035,0.9999895,25178.366
"U1[65,2]",0.9435378013514333,0.948437,-0.825724,2.75811,-0.858776625,2.74046125,0.9998863,21424.978
"U1[66,2]",-0.11968430389305833,-0.123894,-2.08097,1.82486,-2.0708394999999995,1.8427684999999998,0.9999296,26573.637
"U1[67,2]",-0.28820705984958334,-0.289729,-2.21144,1.54787,-2.1777017499999998,1.5890469999999999,1.0004044,29467.527
"U1[68,2]",0.6799035771729833,0.67972,-1.01674,2.39901,-1.0398232499999995,2.388043,1.0010027,25028.317
"U1[69,2]",-0.2071230083489,-0.1996015,-1.97564,1.63729,-2.0020759999999997,1.6125524999999996,1.0000699,23968.551
"U1[70,2]",-0.230612245290975,-0.23172700000000002,-2.02551,1.77918,-2.1387549999999997,1.6779524999999997,1.0005870,31192.384
"U1[71,2]",-0.06447700080960833,-0.0533483,-1.9963,1.82138,-1.9765005,1.8418829999999986,1.0003295,29114.471
"U1[72,2]",0.4326959068450583,0.4349255,-1.33036,2.14548,-1.2937164999999993,2.1910485,1.0002131,25520.645
"U1[73,2]",0.34218302227288333,0.3439135,-1.57656,2.14807,-1.5180509999999998,2.22109225,1.0002014,26815.047
"U1[74,2]",-0.5335382682276667,-0.5329115,-2.36703,1.36258,-2.4260779999999995,1.3173499999999996,1.0008341,23853.730
"U1[75,2]",-0.0014394657115833337,-0.00822134,-1.90949,1.87892,-1.9148957499999997,1.8761214999999993,1.0001192,29608.482
"U1[76,2]",0.8043869869533566,0.812052,-1.08043,2.55089,-1.0167459999999997,2.62368525,1.0001172,24722.261
"U1[77,2]",-0.35064170957904167,-0.34605549999999996,-2.19838,1.5,-2.1948899999999996,1.5142357499999997,1.0002621,26171.441
"U1[78,2]",0.06347443057654166,0.05588895,-1.8018,2.07681,-1.8715102499999994,2.0237529999999992,1.0004271,25857.144
"U1[79,2]",-0.403931386943125,-0.4122935,-2.22907,1.38798,-2.2034202499999997,1.426096749999999,1.0002711,25255.832
"U1[80,2]",-0.275485102236275,-0.280395,-2.13317,1.6036,-2.13635175,1.6026224999999998,1.0005198,26420.836
"U1[81,2]",0.15264436431214584,0.16840100000000002,-2.00045,1.94148,-1.8328702499999996,2.12355275,1.0010105,28529.233
"U1[82,2]",0.68633444232045,0.684089,-1.21667,2.45144,-1.143379,2.5290732499999993,1.0000743,26972.485
"U1[83,2]",-0.4793716623045,-0.48226800000000003,-2.31191,1.47112,-2.3516887499999988,1.435618999999999,1.0004439,29264.630
"U1[84,2]",0.003436145165358334,-0.003167125,-2.03326,1.88117,-1.9696609999999997,1.967031,1.0003275,28897.055
"U1[85,2]",-0.105803293569,-0.1094845,-2.00851,1.77162,-1.9892765,1.7977554999999987,1.0000733,28938.693
"U1[86,2]",0.002376371854166667,0.00534488,-1.86299,2.00534,-1.9382945,1.9376289999999998,1.0007183,26923.156
"U1[87,2]",-0.004292708463658334,-4.4063100000000003e-4,-1.93779,1.90913,-1.93635,1.9143257499999997,1.0000010,31468.398
"U1[88,2]",-0.09555493478661667,-0.09703255,-2.03513,1.82404,-2.02392825,1.8360634999999996,1.0005496,31471.888
"U1[1,3]",-0.3108685540461917,-0.3180145,-1.98736,1.48362,-2.0568254999999995,1.4314709999999995,1.0005754,24963.381
"U1[2,3]",0.2422397980803,0.23875049999999998,-1.41358,1.92837,-1.42983225,1.9140644999999996,1.0005544,23402.951
"U1[3,3]",-0.5354874522717666,-0.5274755,-2.31966,1.1133,-2.268713999999999,1.1874835000000001,1.0002060,27006.621
"U1[4,3]",0.49417326468291667,0.4916285,-1.09226,2.17228,-1.1408097499999998,2.1370272499999996,1.0003205,23715.031
"U1[5,3]",0.09369916001733333,0.0885505,-1.5101,1.80548,-1.5425344999999997,1.783676249999999,1.0000132,23552.600
"U1[6,3]",0.6054230060425834,0.6106415000000001,-1.16726,2.26787,-1.1269089999999997,2.3197719999999995,1.0004823,27303.676
"U1[7,3]",1.0247594945169918,1.024735,-0.614275,2.74782,-0.6911441749999998,2.7034122499999995,1.0001232,25549.292
"U1[8,3]",-0.4326158773904167,-0.4297525,-2.13224,1.39467,-2.1869547499999995,1.3507822499999997,1.0003735,28152.740
"U1[9,3]",0.6184750045658917,0.618861,-1.14612,2.29754,-1.1086087499999995,2.3487080000000002,1.0005871,24557.100
"U1[10,3]",-0.32729277213625,-0.3275445,-2.09248,1.51261,-2.15038875,1.4710034999999997,0.9999674,27534.323
"U1[11,3]",-0.43676099445716665,-0.440956,-2.15361,1.37812,-2.2093887499999996,1.3480392499999996,1.0009931,26981.365
"U1[12,3]",0.14065048460674168,0.146599,-1.67108,1.92049,-1.6684339999999998,1.9273717499999998,1.0002957,26805.140
"U1[13,3]",0.9831407265629166,0.983662,-0.641187,2.62559,-0.6485024499999998,2.6221525,0.9998272,26113.835
"U1[14,3]",-0.3019261382816583,-0.2980255,-2.16029,1.52341,-2.144656,1.54296175,1.0004019,27840.116
"U1[15,3]",0.9244773378065,0.9417610000000001,-0.63222,2.52549,-0.6606153749999988,2.5101639999999996,1.0003346,23345.559
"U1[16,3]",-0.5879677478574167,-0.5968180000000001,-2.22891,1.20167,-2.30867175,1.1403464999999997,1.0009539,23537.121
"U1[17,3]",-0.2888945385770167,-0.2991635,-1.93587,1.39763,-1.94521625,1.3926047499999998,0.9999998,26612.880
"U1[18,3]",-0.546560688066125,-0.554624,-2.46375,1.30946,-2.42803425,1.3513304999999984,1.0018533,26139.408
"U1[19,3]",0.5846006644568333,0.589164,-1.04045,2.25608,-1.073365,2.2300174999999998,1.0006047,24346.465
"U1[20,3]",-0.12069249431975,-0.11897550000000001,-1.98625,1.60904,-1.933458,1.66945025,1.0000033,27240.989
"U1[21,3]",-0.02315698292955,-0.021963299999999998,-1.63451,1.65527,-1.669055,1.6286212499999997,1.0000253,21176.266
"U1[22,3]",0.31695362657366666,0.32001199999999996,-1.42784,1.97444,-1.394743,2.02222125,1.0000662,24863.642
"U1[23,3]",-0.007124533827416666,-0.01010495,-1.74124,1.72954,-1.7583699999999989,1.7201222499999995,1.0001341,28572.054
"U1[24,3]",0.399050684168425,0.401497,-1.32818,2.07689,-1.3119432499999997,2.0985919999999996,1.0005851,23641.425
"U1[25,3]",-0.011289144352015834,-0.0109224,-1.80636,1.7483900000000001,-1.80072075,1.7687589999999997,1.0007945,27172.439
"U1[26,3]",0.403718530993225,0.411273,-1.48437,2.14161,-1.4384322499999995,2.20602075,1.0012962,26592.521
"U1[27,3]",0.9863152091611667,0.994031,-0.684289,2.63091,-0.6796340749999998,2.6429592499999996,1.0002568,25424.322
"U1[28,3]",0.635442518316675,0.634463,-1.06975,2.36576,-1.090963,2.356516,0.9997750,24925.635
"U1[29,3]",0.30512938046738336,0.2947375,-1.40525,2.07848,-1.4194467499999999,2.0656719999999984,1.0008370,25089.427
"U1[30,3]",-0.04506409299691667,-0.0501068,-1.75765,1.66988,-1.76863475,1.6685124999999998,1.0004918,24880.508
"U1[31,3]",0.062174356873908335,0.06593565,-1.74553,1.87055,-1.744828,1.8725324999999993,0.9999882,25287.945
"U1[32,3]",0.45800981594434165,0.470895,-1.35861,2.21656,-1.3461424999999998,2.2431562499999997,1.0004404,24984.898
"U1[33,3]",-0.3346680614358558,-0.32589250000000003,-2.1207,1.46416,-2.1108742499999997,1.4765649999999975,1.0004180,29003.130
"U1[34,3]",-0.28135572106404083,-0.2887575,-2.07481,1.46649,-2.066121,1.481887999999999,1.0007927,27530.578
"U1[35,3]",0.33656747743325,0.3348465,-1.47316,2.13453,-1.4586457499999992,2.155002249999999,1.0002515,27440.350
"U1[36,3]",-0.027355755795491665,-0.032952800000000004,-1.79276,1.88655,-1.8648004999999996,1.81895075,1.0004269,28239.319
"U1[37,3]",-0.58297610977425,-0.57643200000000006,-2.36859,1.26474,-2.3956989999999996,1.2462097499999993,0.9997822,28675.404
"U1[38,3]",-0.1805701662581,-0.189674,-2.13518,1.73562,-2.1284635,1.7446847499999993,1.0002175,27984.207
"U1[39,3]",0.28506897431685,0.278027,-1.4634,2.09315,-1.5030765,2.0652687499999995,1.0013324,25783.112
"U1[40,3]",0.139714606814,0.1442995,-1.74981,2.04028,-1.76346175,2.03460675,1.0011887,30501.492
"U1[41,3]",-0.6479503764365834,-0.647177,-2.43687,1.11437,-2.4307737499999997,1.1234815,1.0004509,26472.336
"U1[42,3]",0.5168365943995417,0.5229005,-1.21083,2.2692,-1.219151,2.2623064999999998,1.0003082,25359.928
"U1[43,3]",-0.38061847914860836,-0.38603149999999997,-2.19246,1.47387,-2.2072582499999998,1.4672194999999997,1.0008274,31771.888
"U1[44,3]",-0.3100472488154583,-0.3134845,-2.16634,1.57752,-2.17826,1.5741265,1.0001496,30902.822
"U1[45,3]",0.11881914065871667,0.1184875,-1.62978,1.83267,-1.6183824999999996,1.8487747499999994,1.0003069,24077.906
"U1[46,3]",-0.144882450026,-0.1437745,-2.02003,1.79788,-2.0638805,1.7735249999999998,1.0001953,30162.392
"U1[47,3]",-0.39189076276993334,-0.3886505,-2.31328,1.47203,-2.288852749999999,1.5014045,1.0010438,30317.120
"U1[48,3]",2.1427152875000107e-4,0.0088309,-1.92516,1.98064,-1.9475847499999994,1.9632129999999992,1.0006446,30446.051
"U1[49,3]",-0.049415361884183336,-0.05114855,-1.98163,1.89755,-1.9996627499999997,1.88442325,1.0006458,30261.416
"U1[50,3]",-0.03210010021126508,-0.0443582,-1.73672,1.87431,-1.8319132499999997,1.7865544999999998,1.0003666,28150.912
"U1[51,3]",0.042074626436275,0.04135105,-1.65582,1.75797,-1.6855069999999999,1.7414105,0.9998824,25245.120
"U1[52,3]",-0.15959357651958334,-0.1504105,-1.90658,1.60392,-1.9229589999999999,1.5894177499999993,1.0004780,32505.644
"U1[53,3]",-0.1805203448373791,-0.1785205,-2.06604,1.61112,-2.02776225,1.6595517499999999,1.0004568,26610.202
"U1[54,3]",-0.4701521388974167,-0.46507,-2.38448,1.28151,-2.3168065,1.352006249999999,1.0001185,30435.151
"U1[55,3]",-0.5176358104709167,-0.5127109999999999,-2.27791,1.27315,-2.2748387499999994,1.2732644999999982,1.0003192,26239.713
"U1[56,3]",-0.12217674295658333,-0.126693,-1.89671,1.68699,-1.9174254999999991,1.6724487499999998,1.0000817,29116.006
"U1[57,3]",-0.586811290360825,-0.594271,-2.27607,1.1845,-2.3375714999999997,1.1351027499999997,1.0001196,26517.494
"U1[58,3]",-0.2730023573103125,-0.27207749999999997,-2.20335,1.5892,-2.172132,1.633638,1.0007687,27809.978
"U1[59,3]",-0.29133487251925,-0.2950575,-2.14593,1.51183,-2.13913475,1.519501,1.0003284,29051.808
"U1[60,3]",-0.056993796556291665,-0.053317199999999995,-1.90529,1.75418,-1.90069175,1.7607869999999997,1.0003108,30298.380
"U1[61,3]",-0.20002883134204166,-0.20385150000000002,-2.04987,1.64692,-2.06082075,1.6425327499999998,1.0006231,29906.825
"U1[62,3]",-0.04773029059698333,-0.052174,-1.8834,1.78129,-1.8827272499999999,1.7825197499999985,1.0001522,29080.201
"U1[63,3]",-0.05382501958883333,-0.04547985,-1.97928,1.91328,-2.010602749999999,1.8847994999999997,1.0001929,29712.795
"U1[64,3]",-0.12031084738161667,-0.1275715,-2.02862,1.82757,-2.023138,1.833245249999999,1.0008231,26979.746
"U1[65,3]",-0.178943668472725,-0.1806865,-2.08828,1.70319,-2.0594962499999996,1.7454229999999995,1.0003003,25415.194
"U1[66,3]",0.18702969678388834,0.181187,-1.71549,2.12774,-1.7264709999999994,2.1183754999999995,1.0001565,31491.629
"U1[67,3]",-0.09361956079754166,-0.09801855,-2.03903,1.74788,-2.0121092499999995,1.7823822499999988,1.0003375,30442.342
"U1[68,3]",-0.5241998106073333,-0.5307299999999999,-2.43791,1.24298,-2.3686540000000003,1.3402965,1.0008268,26210.461
"U1[69,3]",-0.41578185023815,-0.403605,-2.22084,1.45299,-2.2553937499999996,1.4202089999999994,1.0000235,30056.078
"U1[70,3]",-0.0163130558941,-0.0222626,-1.95425,1.98729,-1.9966507499999997,1.9623254999999997,1.0009853,26472.298
"U1[71,3]",-0.12148192500133333,-0.1241855,-2.02897,1.82458,-2.06659225,1.7917624999999981,1.0007959,26158.307
"U1[72,3]",0.21118585031508333,0.206402,-1.56507,2.02011,-1.5615887499999996,2.0264569999999993,1.0003915,27921.422
"U1[73,3]",-0.055189850386049996,-0.05177835,-1.9332,1.90706,-1.968152,1.8850849999999992,1.0009255,28981.496
"U1[74,3]",0.5636737248841667,0.5639225,-1.27612,2.35223,-1.2543622499999998,2.38465425,1.0005510,27759.211
"U1[75,3]",-0.20173470141655833,-0.209399,-2.08206,1.78243,-2.1281454999999996,1.7435142499999996,1.0005144,28514.342
"U1[76,3]",0.23783953444533334,0.23395349999999998,-1.57745,2.18976,-1.6539572499999997,2.12300975,1.0001352,29056.804
"U1[77,3]",0.26166707763316666,0.251799,-1.59434,2.19539,-1.6352604999999998,2.159544749999999,1.0011246,29562.528
"U1[78,3]",-0.03441132217191667,-0.039396,-1.90824,1.89595,-1.9382437499999996,1.8756575,1.0016784,30490.202
"U1[79,3]",0.36272164982483335,0.3668245,-1.44773,2.25142,-1.4838159999999991,2.22033925,1.0006247,26551.551
"U1[80,3]",0.051389031808,0.0570721,-1.85009,1.8777,-1.83218725,1.9076307499999994,1.0009068,30779.427
"U1[81,3]",-0.13018079307625,-0.1351775,-2.10114,1.82804,-2.082188,1.8611387499999998,1.0000038,28430.761
"U1[82,3]",-0.2747165997540167,-0.276877,-2.15695,1.72376,-2.21714775,1.6866519999999998,1.0010735,31434.287
"U1[83,3]",0.021512135534499998,0.01389955,-1.91128,1.89726,-1.8824252499999998,1.9473417499999999,0.9998928,26839.519
"U1[84,3]",-0.16146829847296668,-0.1535785,-2.04252,1.77266,-2.0752722500000003,1.7499202499999995,0.9999353,29458.744
"U1[85,3]",-0.0095207347358025,-0.0065996200000000005,-1.98896,1.88781,-1.9547659999999993,1.938855249999999,1.0004427,30166.611
"U1[86,3]",-0.005310018925041666,-0.011307399999999999,-1.95225,1.93649,-1.9591799999999997,1.93432325,1.0010608,28885.797
"U1[87,3]",-1.1201080925833392e-4,-4.187505e-4,-2.01269,1.932,-1.98652425,1.9636942499999992,1.0007695,29025.062
"U1[88,3]",0.005863745980083333,0.006392119999999999,-1.95869,1.87199,-1.9253619999999991,1.9093322499999996,0.9999753,30673.022
U1_std,0.34210602958333336,0.340698,0.223711,0.457289,0.2287509,0.4637251,1.0005710, 4125.104
